date,code,open,high,low,close,preclose,volume,amount,adjustflag,turn,tradestatus,pctChg,isST
2024-11-26,sh.688391,31.6600,32.2500,31.2200,31.3800,31.6700,901300,28589001.4700,3,1.588100,1,-0.915700,0
2024-11-27,sh.688391,31.1300,32.4800,30.6500,32.4700,31.3800,1520923,48010511.7900,3,2.679900,1,3.473600,0
2024-11-28,sh.688391,32.4800,32.8400,32.0100,32.3600,32.4700,1371754,44539708.1000,3,2.417000,1,-0.338800,0
2024-11-29,sh.688391,32.3600,33.1500,31.7900,32.8500,32.3600,1355681,44200312.6100,3,2.388700,1,1.514200,0
2024-12-02,sh.688391,32.8800,33.2500,32.5700,33.1200,32.8500,1249010,41240621.9500,3,2.200700,1,0.821900,0
2024-12-03,sh.688391,33.3500,33.6500,32.6800,33.0100,33.1200,1121789,37097658.9100,3,1.976600,1,-0.332100,0
2024-12-04,sh.688391,33.5400,33.9900,32.2200,32.3900,33.0100,1617223,53589150.8700,3,2.849500,1,-1.878200,0
2024-12-05,sh.688391,32.3900,32.7300,32.0200,32.6100,32.3900,1067487,34685696.9500,3,1.880900,1,0.679200,0
2024-12-06,sh.688391,32.4500,33.2900,32.1500,33.1000,32.6100,1416368,46429260.7700,3,2.495600,1,1.502600,0
2024-12-09,sh.688391,33.0900,33.3000,32.6500,33.1400,33.1000,1363653,45002945.2600,3,2.402700,1,0.120800,0
2024-12-10,sh.688391,33.9800,34.5800,33.1000,33.2400,33.1400,2227089,74978260.9300,3,3.924100,1,0.301800,0
2024-12-11,sh.688391,33.1700,34.4500,33.0100,33.7600,33.2400,2535948,85844267.0100,3,4.468300,1,1.564400,0
2024-12-12,sh.688391,33.7500,34.7800,33.7100,34.5000,33.7600,2476942,84866551.3300,3,4.364400,1,2.191900,0
2024-12-13,sh.688391,34.2000,34.6600,33.4900,33.6200,34.5000,1928682,65537873.0200,3,3.398300,1,-2.550700,0
2024-12-16,sh.688391,33.6200,33.9800,32.5300,32.6100,33.6200,1376771,45535244.2600,3,2.425900,1,-3.004200,0
2024-12-17,sh.688391,32.0000,32.7900,31.4100,31.4200,32.6100,1509996,48188434.2500,3,2.660600,1,-3.649200,0
2024-12-18,sh.688391,31.4200,32.4500,31.0200,31.9600,31.4200,1318684,42029186.1500,3,2.323500,1,1.718700,0
2024-12-19,sh.688391,31.4000,32.3600,31.3100,32.2800,31.9600,1086393,34773092.0900,3,1.914200,1,1.001300,0
2024-12-20,sh.688391,32.2800,33.9500,32.0000,33.3900,32.2800,2495610,83311170.1100,3,4.397200,1,3.438700,0
2024-12-23,sh.688391,33.7000,33.7000,31.6000,31.7300,33.3900,1832333,59460637.2200,3,3.228600,1,-4.971500,0
2024-12-24,sh.688391,32.5200,32.8400,31.6700,32.4800,31.7300,1201719,38824163.2400,3,2.117400,1,2.363700,0
2024-12-25,sh.688391,32.2300,32.4900,31.4000,31.6800,32.4800,1105104,35102206.5300,3,1.947200,1,-2.463100,0
2024-12-26,sh.688391,31.6900,32.8500,31.4000,32.6400,31.6800,1379844,44808330.9000,3,2.431300,1,3.030300,0
2024-12-27,sh.688391,32.9000,33.1900,32.1600,32.3300,32.6400,1386219,45363516.0900,3,2.442500,1,-0.949800,0
2024-12-30,sh.688391,31.9100,32.3600,31.4300,31.8100,32.3300,1126835,35878704.8400,3,1.985500,1,-1.608400,0
2024-12-31,sh.688391,31.8100,31.8800,30.2800,30.3500,31.8100,1347214,41737221.8800,3,2.373800,1,-4.589800,0
2025-01-02,sh.688391,30.0800,30.6800,29.2000,29.5000,30.3500,1108607,33209929.6700,3,1.953400,1,-2.800700,0
2025-01-03,sh.688391,29.5700,29.8800,28.1400,28.1400,29.5000,1330236,38404697.3300,3,2.343900,1,-4.610200,0
2025-01-06,sh.688391,28.2600,28.2900,27.3800,27.8000,28.1400,957394,26666211.3800,3,1.686900,1,-1.208200,0
2025-01-07,sh.688391,27.7000,28.5500,27.7000,28.5300,27.8000,846336,23794800.6800,3,1.491200,1,2.625900,0
2025-01-08,sh.688391,28.6200,28.6200,27.1300,28.1800,28.5300,1041344,29048005.7900,3,1.834800,1,-1.226800,0
2025-01-09,sh.688391,28.1500,28.5100,27.8800,28.0800,28.1800,899694,25427425.4400,3,1.585300,1,-0.354900,0
2025-01-10,sh.688391,28.2000,28.4700,27.2800,27.2900,28.0800,1114855,31198634.2200,3,1.964400,1,-2.813400,0
2025-01-13,sh.688391,26.7500,27.5300,26.5100,27.4300,27.2900,793022,21478485.8600,3,1.397300,1,0.513000,0
2025-01-14,sh.688391,27.6500,28.6100,27.4300,28.5700,27.4300,1237702,34898708.0900,3,2.180800,1,4.156000,0
2025-01-15,sh.688391,28.5600,28.9700,28.2100,28.3400,28.5700,735024,20938277.0500,3,1.295100,1,-0.805000,0
2025-01-16,sh.688391,28.3800,28.8500,28.0800,28.2800,28.3400,897662,25509050.2000,3,1.581700,1,-0.211700,0
2025-01-17,sh.688391,28.2800,29.2100,28.0200,28.7800,28.2800,1204847,34523312.9200,3,2.122900,1,1.768000,0
2025-01-20,sh.688391,28.8200,29.2400,28.7100,28.8400,28.7800,978893,28343935.0000,3,1.724800,1,0.208500,0
2025-01-21,sh.688391,29.0100,29.2200,28.5900,29.1600,28.8400,889561,25773869.4500,3,1.567400,1,1.109600,0
2025-01-22,sh.688391,29.2000,29.5600,28.9600,29.0200,29.1600,1064538,31084169.2200,3,1.875700,1,-0.480100,0
2025-01-23,sh.688391,29.3800,29.9900,29.1300,29.2700,29.0200,1370859,40609465.3600,3,2.415400,1,0.861500,0
2025-01-24,sh.688391,29.5500,29.5900,29.1000,29.5100,29.2700,872754,25668984.9600,3,1.537800,1,0.820000,0
2025-01-27,sh.688391,29.6900,29.6900,28.7400,28.7900,29.5100,877339,25575453.8600,3,1.545900,1,-2.439900,0
2025-02-05,sh.688391,28.8600,29.5700,28.8600,29.3300,28.7900,988430,28977812.6100,3,1.741600,1,1.875700,0
2025-02-06,sh.688391,29.4600,30.7100,29.1700,30.6200,29.3300,1830823,55132601.6800,3,3.225900,1,4.398200,0
2025-02-07,sh.688391,30.7900,31.0000,30.2000,30.6000,30.6200,1747969,53540159.3100,3,3.079900,1,-0.065300,0
2025-02-10,sh.688391,30.7500,31.1100,30.4000,30.9500,30.6000,1181952,36414829.2100,3,2.082600,1,1.143800,0
2025-02-11,sh.688391,30.9800,31.1300,30.4200,30.6200,30.9500,1048428,32079958.8300,3,1.847300,1,-1.066200,0
2025-02-12,sh.688391,30.6900,31.5800,30.3700,31.5500,30.6200,1814384,56304453.8600,3,3.196900,1,3.037200,0
2025-02-13,sh.688391,31.3800,31.5500,30.7600,30.8100,31.5500,1044285,32442899.2400,3,1.840000,1,-2.345500,0
2025-02-14,sh.688391,30.8100,30.9000,30.3100,30.8600,30.8100,1051264,32231041.6900,3,1.852300,1,0.162300,0
2025-02-17,sh.688391,30.8900,31.3600,30.5900,30.9600,30.8600,1352888,41756256.2400,3,2.383800,1,0.324000,0
2025-02-18,sh.688391,30.9800,31.2500,29.8800,30.0200,30.9600,1211523,36894371.3400,3,2.134700,1,-3.036200,0
2025-02-19,sh.688391,30.0000,31.1800,29.8900,31.1500,30.0200,1482681,45655225.9300,3,2.612500,1,3.764200,0
2025-02-20,sh.688391,31.0900,31.5000,30.9300,31.3300,31.1500,1111529,34773672.5100,3,1.958500,1,0.577800,0
2025-02-21,sh.688391,31.4200,32.2300,30.9500,32.2300,31.3300,2100208,66787527.4300,3,3.700600,1,2.872600,0
2025-02-24,sh.688391,32.1900,32.3200,31.7000,32.0100,32.2300,1594569,50942298.5200,3,2.809600,1,-0.682600,0
2025-02-25,sh.688391,31.7000,32.4300,31.5000,32.0000,32.0100,1436657,46043957.6100,3,2.531400,1,-0.031200,0
2025-02-26,sh.688391,32.1000,32.5000,31.8000,32.2800,32.0000,1482236,47719836.3600,3,2.611700,1,0.875000,0
2025-02-27,sh.688391,32.4500,32.6500,31.3200,31.9500,32.2800,1677465,53627801.7300,3,2.955700,1,-1.022300,0
2025-02-28,sh.688391,31.9000,32.0000,30.5100,30.5700,31.9500,2090810,65120712.9200,3,3.684000,1,-4.319200,0
2025-03-03,sh.688391,30.6700,31.4800,30.1200,30.8300,30.5700,1646003,50980806.5400,3,2.900200,1,0.850500,0
2025-03-04,sh.688391,30.2600,32.1500,30.2400,32.1000,30.8300,2094216,66099100.2900,3,3.690000,1,4.119400,0
2025-03-05,sh.688391,32.2500,32.6800,31.7000,32.1400,32.1000,2158764,69524906.6800,3,3.803700,1,0.124600,0
2025-03-06,sh.688391,32.3000,32.6700,32.2000,32.3000,32.1400,2221623,72081652.8200,3,3.914500,1,0.497800,0
2025-03-07,sh.688391,32.0500,32.3600,31.5700,31.8400,32.3000,1551628,49662150.1200,3,2.734000,1,-1.424100,0
2025-03-10,sh.688391,31.7900,32.0600,31.4200,31.7400,31.8400,1066871,33863071.3100,3,1.879800,1,-0.314100,0
2025-03-11,sh.688391,31.3400,32.3800,31.1800,32.2900,31.7400,1560921,49951614.1900,3,2.750300,1,1.732800,0
2025-03-12,sh.688391,32.4000,32.5200,32.0100,32.1800,32.2900,1482491,47843851.5900,3,2.612100,1,-0.340700,0
2025-03-13,sh.688391,32.3600,32.3700,30.8300,31.3000,32.1800,1558647,48976760.7500,3,2.746300,1,-2.734600,0
2025-03-14,sh.688391,31.2500,32.3900,31.2400,32.3100,31.3000,1695150,53938740.0400,3,2.986800,1,3.226800,0
2025-03-17,sh.688391,32.5200,32.9500,32.1300,32.7100,32.3100,1901625,62139556.5500,3,3.350700,1,1.238000,0
2025-03-18,sh.688391,32.8900,33.2400,32.6400,32.9500,32.7100,1464203,48300646.7200,3,2.579900,1,0.733700,0
2025-03-19,sh.688391,32.8500,33.1900,32.3100,32.5500,32.9500,1126486,36831105.9100,3,1.984900,1,-1.214000,0
2025-03-20,sh.688391,32.5500,32.9400,32.3400,32.4400,32.5500,1164784,37961648.6900,3,2.052300,1,-0.337900,0
2025-03-21,sh.688391,32.2200,32.4600,31.4000,31.4700,32.4400,1297659,41265678.5800,3,2.286500,1,-2.990100,0
2025-03-24,sh.688391,31.6000,31.7500,29.9600,30.6000,31.4700,1332414,41037957.1900,3,2.347700,1,-2.764500,0
2025-03-25,sh.688391,30.6500,30.9300,30.1500,30.7100,30.6000,911258,27929491.6000,3,1.605600,1,0.359500,0
2025-03-26,sh.688391,30.5400,31.3000,30.4600,31.0900,30.7100,887211,27588661.7100,3,1.563300,1,1.237400,0
2025-03-27,sh.688391,30.8400,31.9200,30.3500,31.3900,31.0900,1135893,35607771.2300,3,2.001400,1,0.964900,0
2025-03-28,sh.688391,31.3900,31.7900,30.7000,30.8100,31.3900,779122,24228130.7300,3,1.372800,1,-1.847700,0
2025-03-31,sh.688391,30.8000,30.8500,30.1000,30.6200,30.8100,1097948,33358478.9400,3,1.934600,1,-0.616700,0
2025-04-01,sh.688391,30.7000,31.5600,30.6200,31.0900,30.6200,981187,30558403.2900,3,1.728800,1,1.534900,0
2025-04-02,sh.688391,31.0000,31.9000,30.9800,31.4800,31.0900,957974,30263658.9700,3,1.687900,1,1.254400,0
2025-04-03,sh.688391,31.1400,31.6800,30.6000,30.8300,31.4800,832625,25888547.7700,3,1.467100,1,-2.064800,0
2025-04-07,sh.688391,28.9600,29.6000,24.6600,24.9800,30.8300,2561239,69002090.8600,3,4.512900,1,-18.975000,0
2025-04-08,sh.688391,24.9800,26.5800,24.9400,25.7500,24.9800,1837087,47381160.3400,3,3.236900,1,3.082500,0
2025-04-09,sh.688391,25.2200,26.8800,24.0000,26.5900,25.7500,1869575,47953098.6000,3,3.294200,1,3.262100,0
2025-04-10,sh.688391,27.0000,28.1000,26.5800,27.4200,26.5900,1556928,43072322.4900,3,2.743300,1,3.121500,0
2025-04-11,sh.688391,27.4000,29.7500,27.1000,28.7500,27.4200,2383770,68307974.7300,3,4.200200,1,4.850500,0
2025-04-14,sh.688391,29.6900,29.6900,28.7500,28.9100,28.7500,1527964,44501040.0500,3,2.692300,1,0.556500,0
2025-04-15,sh.688391,28.9100,29.4800,28.4000,28.6800,28.9100,751404,21515744.1400,3,1.324000,1,-0.795600,0
2025-04-16,sh.688391,28.8800,29.1900,27.9000,28.5400,28.6800,980837,28015252.7900,3,1.728200,1,-0.488100,0
2025-04-17,sh.688391,27.1200,28.4700,27.1200,27.8200,28.5400,2023826,56502129.4200,3,3.566000,1,-2.522800,0
2025-04-18,sh.688391,27.9000,27.9000,26.9200,27.3200,27.8200,1171683,32039169.1300,3,2.064500,1,-1.797300,0
2025-04-21,sh.688391,27.3100,27.8600,27.1300,27.7200,27.3200,905940,25046272.2700,3,1.596300,1,1.464100,0
2025-04-22,sh.688391,27.7000,27.8900,27.3900,27.6700,27.7200,978897,27067588.8900,3,1.724800,1,-0.180400,0
2025-04-23,sh.688391,27.8400,27.9900,27.5000,27.6900,27.6700,874267,24231406.3300,3,1.540500,1,0.072300,0
2025-04-24,sh.688391,27.7600,27.7600,26.8300,27.0400,27.6900,949215,25831986.4700,3,1.672500,1,-2.347400,0
2025-04-25,sh.688391,27.2000,27.3500,26.8800,26.8800,27.0400,822220,22264671.5800,3,1.448700,1,-0.591700,0
2025-04-28,sh.688391,26.9600,27.0000,26.3600,26.8000,26.8800,769245,20543289.2100,3,1.355400,1,-0.297600,0
2025-04-29,sh.688391,26.8000,27.3600,26.5200,27.2400,26.8000,679472,18432035.3300,3,1.197200,1,1.641800,0
2025-04-30,sh.688391,27.2300,27.7200,27.1300,27.5000,27.2400,838262,23123831.8000,3,1.477000,1,0.954500,0
2025-05-06,sh.688391,27.8000,28.0500,27.5000,27.9800,27.5000,1280648,35746518.2400,3,2.256500,1,1.745500,0
2025-05-07,sh.688391,28.2600,28.5300,27.6000,27.8400,27.9800,1118587,31336154.2100,3,1.970900,1,-0.500400,0
2025-05-08,sh.688391,27.8000,28.3100,27.5900,28.1900,27.8400,787866,22166500.9100,3,1.388200,1,1.257200,0
2025-05-09,sh.688391,28.1900,28.3700,27.4300,27.5300,28.1900,856444,23662009.9500,3,1.509000,1,-2.341300,0
2025-05-12,sh.688391,27.5500,28.1400,27.5500,27.8600,27.5300,856384,23862595.7300,3,1.508900,1,1.198700,0
2025-05-13,sh.688391,28.0000,28.2800,27.7200,27.8100,27.8600,754721,21087944.7600,3,1.329800,1,-0.179500,0
2025-05-14,sh.688391,27.8500,28.0900,27.5200,27.7800,27.8100,780902,21664410.4500,3,1.362700,1,-0.107900,0
2025-05-15,sh.688391,27.8400,28.0700,27.4300,27.4500,27.7800,682047,18776251.5600,3,1.190200,1,-1.187900,0
2025-05-16,sh.688391,27.4300,27.8700,27.2100,27.7800,27.4500,945150,26167895.5200,3,1.649300,1,1.202200,0
2025-05-19,sh.688391,27.5500,28.3200,27.5500,28.2600,27.7800,1341024,37509521.4400,3,2.340100,1,1.727900,0
2025-05-20,sh.688391,28.3600,28.6000,28.1200,28.5000,28.2600,850435,24147664.5800,3,1.484000,1,0.849300,0
2025-05-21,sh.688391,28.4900,29.3000,28.3000,29.0000,28.5000,1926851,55669930.6200,3,3.362300,1,1.754400,0
2025-05-22,sh.688391,28.7500,29.1400,28.1600,28.1900,29.0000,926335,26534320.7300,3,1.616400,1,-2.793100,0
2025-05-23,sh.688391,28.2000,28.2700,27.5900,27.6800,28.1900,754802,21093804.5900,3,1.317100,1,-1.809200,0
2025-05-26,sh.688391,27.8000,27.9000,27.3800,27.6700,27.6800,584930,16183263.0100,3,1.020700,1,-0.036100,0
2025-05-27,sh.688391,27.6700,27.7700,27.2400,27.7500,27.6700,661272,18162293.3900,3,1.153900,1,0.289100,0
2025-05-28,sh.688391,27.3000,27.9500,27.3000,27.3700,27.7500,588624,16224168.4200,3,1.027100,1,-1.369400,0
2025-05-29,sh.688391,27.5000,28.0000,27.4400,27.8500,27.3700,604862,16822290.5300,3,1.055500,1,1.753700,0
2025-05-30,sh.688391,27.8200,27.8200,26.9400,26.9600,27.8500,887071,24120605.0200,3,1.547900,1,-3.195700,0
2025-06-03,sh.688391,27.0200,27.4000,26.9000,27.2400,26.9600,554510,15115532.7700,3,0.967600,1,1.038600,0
2025-06-04,sh.688391,27.2400,27.6200,27.2100,27.4700,27.2400,484802,13309282.6300,3,0.846000,1,0.844300,0
2025-06-05,sh.688391,27.6000,28.1200,27.4800,28.0000,27.4700,791891,22031970.1700,3,1.381800,1,1.929400,0
2025-06-06,sh.688391,27.9900,28.1600,27.7200,28.1000,28.0000,625625,17489268.8600,3,1.091700,1,0.357100,0
2025-06-09,sh.688391,28.0000,28.3600,28.0000,28.2400,28.1000,674098,19000799.3400,3,1.176300,1,0.498200,0
2025-06-10,sh.688391,28.4000,28.4000,27.5000,27.7500,28.2400,533596,14855132.5700,3,0.931100,1,-1.735100,0
2025-06-11,sh.688391,27.9000,28.1800,27.6000,27.9000,27.7500,448444,12566129.2900,3,0.782500,1,0.540500,0
2025-06-12,sh.688391,27.6800,28.2700,27.6800,27.9000,27.9000,419679,11714938.3300,3,0.732300,1,0.000000,0
2025-06-13,sh.688391,27.8200,28.0200,27.4400,27.5900,27.9000,685235,18968856.7200,3,1.195700,1,-1.111100,0
2025-06-16,sh.688391,27.5700,28.2000,27.5200,28.0300,27.5900,629878,17684151.3300,3,1.099100,1,1.594800,0
2025-06-17,sh.688391,27.8900,28.3000,27.8600,28.2100,28.0300,510536,14344287.6500,3,0.890900,1,0.642200,0
2025-06-18,sh.688391,28.2900,28.4700,28.0500,28.4000,28.2100,644172,18228360.4900,3,1.124100,1,0.673500,0
2025-06-19,sh.688391,28.4100,28.8400,28.1000,28.2300,28.4000,842481,24000849.6100,3,1.470100,1,-0.598600,0
2025-06-20,sh.688391,28.2200,28.6500,27.9000,27.9500,28.2300,553780,15649222.1600,3,0.966300,1,-0.991900,0
2025-06-23,sh.688391,27.9000,28.5000,27.6900,28.4900,27.9500,738530,20885558.6300,3,1.288700,1,1.932000,0
2025-06-24,sh.688391,28.5400,29.0700,28.4200,29.0500,28.4900,1007159,29088292.4900,3,1.757500,1,1.965600,0
2025-06-25,sh.688391,29.1000,29.1900,28.7000,29.0900,29.0500,1017074,29495715.5500,3,1.774800,1,0.137700,0
2025-06-26,sh.688391,29.2200,29.2300,28.7900,28.8200,29.0900,761137,22089950.8100,3,1.328200,1,-0.928200,0
2025-06-27,sh.688391,28.9300,29.7000,28.8900,29.1800,28.8200,950470,27799636.8800,3,1.658600,1,1.249100,0
2025-06-30,sh.688391,29.2500,29.8100,29.2500,29.6900,29.1800,1017775,30173718.6800,3,1.776000,1,1.747800,0
2025-07-01,sh.688391,29.7700,30.0000,29.4300,29.8400,29.6900,1014000,30173941.5700,3,1.769400,1,0.505200,0
2025-07-02,sh.688391,29.9100,29.9100,29.2900,29.5800,29.8400,919265,27094653.6000,3,1.604100,1,-0.871300,0
2025-07-03,sh.688391,29.5700,29.7300,29.3700,29.5600,29.5800,689749,20386896.0200,3,1.203600,1,-0.067600,0
2025-07-04,sh.688391,29.4200,29.8400,29.0000,29.1500,29.5600,613382,17943152.2900,3,1.070300,1,-1.387000,0
2025-07-07,sh.688391,29.0500,29.2500,28.9000,29.1300,29.1500,477112,13884366.9200,3,0.832600,1,-0.068600,0
2025-07-08,sh.688391,29.3300,29.6000,29.0200,29.5600,29.1300,749963,22074039.1400,3,1.308700,1,1.476100,0
2025-07-09,sh.688391,29.3700,29.6900,29.2000,29.3200,29.5600,758833,22323847.9800,3,1.324100,1,-0.811900,0
2025-07-10,sh.688391,29.4700,29.5300,29.1800,29.4100,29.3200,552141,16216681.0500,3,0.963500,1,0.307000,0
2025-07-11,sh.688391,29.6000,29.6800,29.2200,29.4800,29.4100,653896,19302626.5500,3,1.141000,1,0.238000,0
2025-07-14,sh.688391,29.5800,29.7000,29.3400,29.6700,29.4800,646798,19132819.8000,3,1.128700,1,0.644500,0
2025-07-15,sh.688391,29.5100,29.8100,28.9100,29.2500,29.6700,903070,26354098.4800,3,1.575800,1,-1.415600,0
2025-07-16,sh.688391,29.3100,29.9300,29.2000,29.8400,29.2500,1305816,38839085.5300,3,2.278600,1,2.017100,0
2025-07-17,sh.688391,29.8700,30.3700,29.6500,30.1200,29.8400,1560552,46920260.7300,3,2.723100,1,0.938300,0
2025-07-18,sh.688391,30.1200,30.3300,29.8100,30.0400,30.1200,719061,21589500.4900,3,1.254700,1,-0.265600,0
2025-07-21,sh.688391,30.0000,30.6100,29.8600,30.5400,30.0400,1032061,31337715.8300,3,1.800900,1,1.664400,0
2025-07-22,sh.688391,30.5400,30.7200,30.2100,30.3900,30.5400,1026007,31225028.0400,3,1.790400,1,-0.491200,0
2025-07-23,sh.688391,30.3100,30.5500,30.2000,30.3800,30.3900,916205,27852310.5000,3,1.598800,1,-0.032900,0
2025-07-24,sh.688391,30.5400,30.7600,30.3200,30.5900,30.3800,1238561,37770444.0200,3,2.161300,1,0.691200,0
2025-07-25,sh.688391,30.5900,30.9600,30.5300,30.9000,30.5900,1433316,44086001.8900,3,2.501100,1,1.013400,0
2025-07-28,sh.688391,31.0100,31.0800,30.7100,31.0500,30.9000,960647,29691802.6400,3,1.676300,1,0.485400,0
2025-07-29,sh.688391,31.0100,31.2700,30.9000,31.1900,31.0500,977826,30393216.0000,3,1.706300,1,0.450900,0
2025-07-30,sh.688391,31.1900,31.3100,30.5700,31.0200,31.1900,1250547,38730195.1200,3,2.182200,1,-0.545000,0
2025-07-31,sh.688391,31.0200,31.3000,30.2000,30.4600,31.0200,1543470,47445104.3900,3,2.693300,1,-1.805300,0
2025-08-01,sh.688391,30.4600,30.9300,30.3000,30.5700,30.4600,1015706,31062604.9600,3,1.772400,1,0.361100,0
2025-08-04,sh.688391,30.6700,31.1800,30.4100,31.1300,30.5700,1286584,39774150.1800,3,2.245100,1,1.831900,0
2025-08-05,sh.688391,31.2200,31.4900,31.0000,31.3500,31.1300,1001354,31269381.6000,3,1.747300,1,0.706700,0
2025-08-06,sh.688391,31.5000,31.8200,31.2200,31.8000,31.3500,1039765,32802885.2400,3,1.814400,1,1.435400,0
2025-08-07,sh.688391,31.9400,32.5000,31.6300,31.9500,31.8000,1457929,46697209.8200,3,2.544100,1,0.471700,0
2025-08-08,sh.688391,31.9300,31.9300,31.3300,31.5600,31.9500,1114582,35159935.5200,3,1.944900,1,-1.220700,0
2025-08-11,sh.688391,31.2100,32.4000,31.2100,32.1800,31.5600,1085112,34794070.0400,3,1.893500,1,1.964500,0
2025-08-12,sh.688391,32.4000,32.4000,31.7300,32.1200,32.1800,1104244,35346790.7100,3,1.926900,1,-0.186500,0
2025-08-13,sh.688391,32.0000,32.4800,31.8300,32.2600,32.1200,1045254,33613720.0700,3,1.823900,1,0.435900,0
2025-08-14,sh.688391,32.2600,32.4300,31.3900,31.3900,32.2600,1636277,52025259.6900,3,2.855300,1,-2.696800,0
2025-08-15,sh.688391,31.5600,32.0800,31.2700,32.0100,31.3900,1626666,51797624.0300,3,2.838500,1,1.975200,0
2025-08-18,sh.688391,32.1400,32.8300,31.8000,32.7100,32.0100,2026646,65859612.6400,3,3.536500,1,2.186800,0
2025-08-19,sh.688391,32.6500,33.6200,32.4400,33.3300,32.7100,2075541,68612486.5600,3,3.621800,1,1.895400,0
2025-08-20,sh.688391,33.1000,33.5000,32.6500,33.5000,33.3300,1782182,58825611.9200,3,3.109900,1,0.510100,0
2025-08-21,sh.688391,33.6400,33.8000,32.9000,33.0300,33.5000,1368931,45537560.7000,3,2.388800,1,-1.403000,0
2025-08-22,sh.688391,32.8500,33.6800,32.8500,33.5500,33.0300,2595569,86789670.8700,3,4.529200,1,1.574300,0
2025-08-25,sh.688391,33.5000,33.5800,32.3900,32.4400,32.9500,2511076,82438400.1000,3,4.381800,1,-1.547800,0
2025-08-26,sh.688391,32.4200,32.7200,32.0600,32.3500,32.4400,1668650,54122426.7000,3,2.911800,1,-0.277400,0
2025-08-27,sh.688391,32.3500,33.6200,31.7300,31.8200,32.3500,2781659,91214525.0000,3,4.853900,1,-1.638300,0
2025-08-28,sh.688391,31.8300,32.4100,30.8700,32.1000,31.8200,2889350,91805393.3900,3,5.041900,1,0.879900,0
2025-08-29,sh.688391,32.0700,32.0700,31.1500,31.3600,32.1000,2615344,82284663.7100,3,4.563700,1,-2.305300,0
2025-09-01,sh.688391,31.3600,32.3600,31.3600,32.2900,31.3600,2712249,86588789.7200,3,4.732800,1,2.965600,0
2025-09-02,sh.688391,32.0500,32.3500,30.5700,30.9800,32.2900,2693245,83975084.1400,3,4.699700,1,-4.057000,0
2025-09-03,sh.688391,31.1000,31.1000,29.8000,30.0300,30.9800,2177070,66160482.3300,3,3.798900,1,-3.066500,0
2025-09-04,sh.688391,30.1300,30.4700,29.1400,29.5900,30.0300,1795710,53574128.1300,3,3.133500,1,-1.465200,0
2025-09-05,sh.688391,29.5900,30.9400,29.5900,30.9000,29.5900,2221664,67838324.9700,3,3.876800,1,4.427200,0
2025-09-08,sh.688391,31.0600,31.2600,30.6800,31.1400,30.9000,1704233,52796891.3200,3,2.973900,1,0.776700,0
2025-09-09,sh.688391,31.2500,31.2500,30.4000,30.5000,31.1400,1800161,55321852.6500,3,3.141200,1,-2.055200,0
2025-09-10,sh.688391,30.8900,30.9200,30.3000,30.4200,30.5000,1198013,36610252.0900,3,2.090500,1,-0.262300,0
2025-09-11,sh.688391,30.5700,31.5000,29.9000,31.3200,30.4200,1889874,58197045.6300,3,3.297800,1,2.958600,0
2025-09-12,sh.688391,31.4900,32.3000,31.0300,31.9900,31.3200,2350611,74642348.0000,3,4.101800,1,2.139200,0
2025-09-15,sh.688391,32.6700,33.2300,31.8800,32.1900,31.9900,2197777,71069862.3900,3,1.908800,1,0.625200,0
2025-09-16,sh.688391,32.1900,32.9300,31.9000,32.5600,32.1900,2466846,80199546.7300,3,2.142500,1,1.149400,0
2025-09-17,sh.688391,32.5100,33.0400,32.1400,32.7800,32.5600,1963026,64186848.2400,3,1.704900,1,0.675700,0
2025-09-18,sh.688391,32.7800,33.8300,32.1400,32.5000,32.7800,3634512,119896270.1900,3,3.155500,1,-0.854200,0
2025-09-19,sh.688391,32.8400,33.2100,31.8900,32.2000,32.5000,2400991,77967425.1900,3,2.084500,1,-0.923100,0
2025-09-22,sh.688391,32.3000,32.7400,32.1100,32.7000,32.2000,1695140,55102238.4600,3,1.471700,1,1.552800,0
2025-09-23,sh.688391,32.6400,33.1900,31.2000,32.6000,32.7000,2284380,73106211.8000,3,1.983300,1,-0.305800,0
2025-09-24,sh.688391,32.2900,34.1600,32.2900,33.7400,32.6000,3933411,132464220.0200,3,3.415000,1,3.496900,0
2025-09-25,sh.688391,33.8400,33.8400,33.1700,33.2900,33.7400,1952899,65393817.1000,3,1.695500,1,-1.333700,0
2025-09-26,sh.688391,33.0400,33.6600,32.6100,32.6700,33.2900,1770638,58492485.2000,3,1.537300,1,-1.862400,0
2025-09-29,sh.688391,32.4600,32.7600,31.8700,32.6100,32.6700,1735655,56148457.6100,3,1.506900,1,-0.183700,0
2025-09-30,sh.688391,32.9000,33.4900,32.7400,33.2000,32.6100,1870063,61985093.7300,3,1.623600,1,1.809300,0
2025-10-09,sh.688391,33.5400,33.9700,33.0700,33.3900,33.2000,2848538,95674059.5100,3,2.473100,1,0.572300,0
2025-10-10,sh.688391,33.3200,33.3200,31.8000,31.9000,33.3900,2791533,90105194.0900,3,2.423600,1,-4.462400,0
2025-10-13,sh.688391,31.2100,32.7800,30.6500,32.7200,31.9000,2820259,90766154.6000,3,2.448500,1,2.570500,0
2025-10-14,sh.688391,33.2600,33.2900,31.2900,31.3300,32.7200,2484785,80127258.1100,3,2.157300,1,-4.248200,0
2025-10-15,sh.688391,31.6900,31.8400,31.2100,31.6300,31.3300,1493987,47135066.4700,3,1.297100,1,0.957500,0
2025-10-16,sh.688391,31.6300,32.2800,31.4300,31.7800,31.6300,1628362,51833801.7100,3,1.413700,1,0.474200,0
2025-10-17,sh.688391,31.5000,32.0600,30.3300,30.4700,31.7800,1811289,56142173.4100,3,1.572600,1,-4.122100,0
2025-10-20,sh.688391,30.9200,31.2800,30.4300,30.6300,30.4700,1253713,38698964.5100,3,1.088500,1,0.525100,0
2025-10-21,sh.688391,30.5300,31.3500,30.5300,31.1400,30.6300,1560430,48633505.4600,3,1.354800,1,1.665000,0
2025-10-22,sh.688391,31.2000,31.2600,30.7000,31.0000,31.1400,1177991,36515692.6300,3,1.022700,1,-0.449600,0
2025-10-23,sh.688391,30.9100,31.3400,30.4000,31.2000,31.0000,1532456,47201920.9000,3,1.330500,1,0.645200,0
2025-10-24,sh.688391,31.3400,32.1100,31.2600,32.0900,31.2000,1593455,50754510.8600,3,1.383400,1,2.852600,0
2025-10-27,sh.688391,32.3800,32.8000,32.0700,32.6600,32.0900,1732123,56301010.3400,3,1.503800,1,1.776300,0
2025-10-28,sh.688391,32.6600,32.9600,32.3300,32.5700,32.6600,1293668,42229954.2900,3,1.123200,1,-0.275600,0
2025-10-29,sh.688391,32.8000,33.1800,32.2900,32.5400,32.5700,1334829,43608137.0200,3,1.158900,1,-0.092100,0
2025-10-30,sh.688391,32.5200,32.7900,32.1700,32.1700,32.5400,1334609,43239819.8600,3,1.158700,1,-1.137100,0
2025-10-31,sh.688391,31.7000,31.9000,31.2000,31.4800,32.1700,2287141,72017642.4200,3,1.985700,1,-2.144900,0
2025-11-03,sh.688391,31.4700,31.4700,30.1300,30.9800,31.4800,2766973,84958441.0500,3,2.402300,1,-1.588300,0
2025-11-04,sh.688391,30.9000,31.1800,30.3200,30.5200,30.9800,1558502,47793822.2400,3,1.353100,1,-1.484800,0
2025-11-05,sh.688391,30.2900,30.7900,30.0800,30.6900,30.5200,1515637,46144417.7100,3,1.315900,1,0.557000,0
2025-11-06,sh.688391,30.6900,31.1300,30.5300,30.9000,30.6900,1426393,43985895.2200,3,1.238400,1,0.684300,0
2025-11-07,sh.688391,30.8600,31.1000,30.6100,30.8300,30.9000,964926,29735383.8500,3,0.837700,1,-0.226500,0
2025-11-10,sh.688391,30.8200,31.1900,30.5100,31.0800,30.8300,1088462,33696560.2300,3,0.945000,1,0.810900,0
2025-11-11,sh.688391,31.1000,32.1700,30.9300,31.5200,31.0800,1802747,57203910.6300,3,1.565100,1,1.415700,0
2025-11-12,sh.688391,31.3100,32.6400,31.3100,31.7400,31.5200,2160383,69000833.6900,3,1.875600,1,0.698000,0
2025-11-13,sh.688391,31.5000,32.2600,31.4200,32.0500,31.7400,1331111,42392517.5100,3,1.155700,1,0.976700,0
2025-11-14,sh.688391,31.9900,32.0300,31.4900,31.4900,32.0500,1043610,33116712.4900,3,0.906100,1,-1.747300,0
2025-11-17,sh.688391,31.4900,31.9600,31.4200,31.5000,31.4900,1101005,34842688.8100,3,0.955900,1,0.031800,0
2025-11-18,sh.688391,31.5900,32.7300,31.3500,31.7900,31.5000,2569559,82713424.5100,3,2.230900,1,0.920600,0
2025-11-19,sh.688391,31.7500,31.8400,30.6600,30.7300,31.7900,1715401,53343404.0900,3,1.489300,1,-3.334400,0
2025-11-20,sh.688391,31.0100,31.1900,29.9900,30.0900,30.7300,1367591,41514560.0500,3,1.187300,1,-2.082700,0
2025-11-21,sh.688391,29.7900,30.0700,28.2200,28.3800,30.0900,2401864,69450664.8700,3,2.085300,1,-5.683000,0
2025-11-24,sh.688391,28.3800,28.8300,28.1500,28.6100,28.3800,1167711,33218096.6700,3,1.013800,1,0.810400,0
2025-11-25,sh.688391,28.7500,29.4000,28.7500,28.9700,28.6100,1221752,35509110.9900,3,1.060700,1,1.258300,0
2025-11-26,sh.688391,28.9100,29.4400,28.7800,28.9100,28.9700,1148370,33507787.5900,3,0.997000,1,-0.207100,0
