date,code,open,high,low,close,preclose,volume,amount,adjustflag,turn,tradestatus,pctChg,isST
2024-11-26,sz.301515,20.8000,21.9900,20.6500,21.1500,20.9200,5443227,116049613.4100,3,9.112100,1,1.099400,0
2024-11-27,sz.301515,20.8200,20.9400,20.1200,20.8300,21.1500,3210105,65926624.9500,3,5.373800,1,-1.513000,0
2024-11-28,sz.301515,20.8000,21.2000,20.6000,20.7900,20.8300,3134447,65316358.4700,3,5.247100,1,-0.192000,0
2024-11-29,sz.301515,20.6900,21.8800,20.6100,21.5900,20.7900,6943271,147749057.9700,3,11.623200,1,3.848000,0
2024-12-02,sz.301515,21.6600,21.7800,21.2600,21.5900,21.5900,6085407,130916397.6500,3,10.187100,1,0.000000,0
2024-12-03,sz.301515,21.5700,21.5700,20.9600,21.1300,21.5900,3880984,82317176.8600,3,6.496900,1,-2.130600,0
2024-12-04,sz.301515,21.0800,21.0800,20.3500,20.5700,21.1300,2537800,52681790.2700,3,4.248300,1,-2.650300,0
2024-12-05,sz.301515,20.5900,20.8700,20.5200,20.7000,20.5700,1821470,37737291.4200,3,3.049200,1,0.632000,0
2024-12-06,sz.301515,20.7700,21.1900,20.4300,20.7600,20.7000,2377195,49230247.6800,3,3.979500,1,0.289900,0
2024-12-09,sz.301515,20.7600,21.0800,20.5600,20.7200,20.7600,2017230,41974427.4000,3,3.376900,1,-0.192700,0
2024-12-10,sz.301515,21.2400,21.3300,20.7000,20.7000,20.7200,2815084,59016582.8400,3,4.712500,1,-0.096500,0
2024-12-11,sz.301515,20.6800,20.8700,20.6400,20.8200,20.7000,1782816,36994140.8000,3,2.984500,1,0.579700,0
2024-12-12,sz.301515,20.8000,21.2500,20.7900,21.2200,20.8200,2845208,59802233.2800,3,4.763000,1,1.921200,0
2024-12-13,sz.301515,21.2100,21.3100,20.6900,20.7300,21.2200,2502806,52464065.4800,3,4.189800,1,-2.309100,0
2024-12-16,sz.301515,20.7900,21.0400,20.5600,20.7000,20.7300,1634841,34026786.1900,3,2.736800,1,-0.144700,0
2024-12-17,sz.301515,20.7000,20.8400,19.6200,19.7600,20.7000,2568337,51540137.4200,3,4.299500,1,-4.541100,0
2024-12-18,sz.301515,19.9000,20.0000,19.2500,19.7100,19.7600,1586709,31235280.7600,3,2.656200,1,-0.253000,0
2024-12-19,sz.301515,19.4200,19.6400,19.2500,19.4800,19.5900,1628463,31655049.2800,3,2.726100,1,-0.561500,0
2024-12-20,sz.301515,19.4800,20.0200,19.4100,19.8100,19.4800,1333300,26420502.1200,3,2.232000,1,1.694000,0
2024-12-23,sz.301515,19.7500,19.8200,18.6400,18.6900,19.8100,1944536,37225180.5400,3,3.255200,1,-5.653700,0
2024-12-24,sz.301515,18.8500,18.9500,18.3600,18.7700,18.6900,1143800,21328754.7000,3,1.914800,1,0.428000,0
2024-12-25,sz.301515,18.8700,18.9400,18.1800,18.3200,18.7700,1393300,25701428.0000,3,2.332400,1,-2.397400,0
2024-12-26,sz.301515,18.3900,18.7000,18.2100,18.4600,18.3200,1230167,22808793.9900,3,2.059300,1,0.764200,0
2024-12-27,sz.301515,18.4300,18.7500,18.3700,18.5700,18.4600,1023878,19081380.4000,3,1.714000,1,0.595900,0
2024-12-30,sz.301515,18.4000,18.5800,17.9200,18.3500,18.5700,1396914,25607902.5200,3,2.338500,1,-1.184700,0
2024-12-31,sz.301515,18.3200,18.5000,17.9200,17.9800,18.3500,1119884,20316292.8000,3,1.874700,1,-2.016300,0
2025-01-02,sz.301515,17.9300,18.3000,17.6100,17.7600,17.9800,1390654,24970953.1200,3,2.328000,1,-1.223600,0
2025-01-03,sz.301515,17.8600,17.9400,17.0700,17.1200,17.7600,1341066,23507013.1600,3,2.245000,1,-3.603600,0
2025-01-06,sz.301515,16.9500,17.5500,16.7700,17.2900,17.1200,1111366,19205024.4800,3,1.860500,1,0.993000,0
2025-01-07,sz.301515,17.3000,17.5700,17.0400,17.5400,17.2900,1070600,18514592.0000,3,1.792200,1,1.445900,0
2025-01-08,sz.301515,17.4900,17.7200,17.0800,17.6900,17.5400,1306650,22831819.0000,3,2.187400,1,0.855200,0
2025-01-09,sz.301515,17.8800,17.8800,17.4800,17.8000,17.6900,1264800,22418432.0000,3,2.117300,1,0.621800,0
2025-01-10,sz.301515,17.8000,18.0500,17.3700,17.3800,17.8000,881794,15590728.9400,3,1.476100,1,-2.359600,0
2025-01-13,sz.301515,17.1900,17.9800,17.0300,17.8800,17.3800,1072591,18861106.0400,3,1.795500,1,2.876900,0
2025-01-14,sz.301515,18.0000,18.3400,17.8400,18.3400,17.8800,1677000,30472729.0000,3,2.807300,1,2.572700,0
2025-01-15,sz.301515,18.3300,18.4100,17.9200,18.3400,18.3400,1437100,26078361.0000,3,2.405700,1,0.000000,0
2025-01-16,sz.301515,18.2100,18.5000,18.1800,18.4000,18.3400,1676700,30825610.0000,3,2.806800,1,0.327200,0
2025-01-17,sz.301515,18.2900,18.4900,18.1000,18.4600,18.4000,1127188,20708416.5600,3,1.886900,1,0.326100,0
2025-01-20,sz.301515,18.5000,18.7600,18.3000,18.4300,18.4600,1547600,28644776.0000,3,2.590700,1,-0.162500,0
2025-01-21,sz.301515,18.3700,18.5700,18.0400,18.1500,18.4300,1262700,22983327.0000,3,2.113800,1,-1.519300,0
2025-01-22,sz.301515,18.4300,18.4300,17.8800,17.9400,18.1500,1162100,21023835.0000,3,1.945400,1,-1.157000,0
2025-01-23,sz.301515,18.0600,18.2400,17.9200,17.9700,17.9400,1299192,23479899.3800,3,2.189400,1,0.167200,0
2025-01-24,sz.301515,17.9900,18.1200,17.6000,18.1000,17.9700,1358056,24284956.3600,3,2.288600,1,0.723400,0
2025-01-27,sz.301515,18.2500,18.4300,18.0300,18.1000,18.1000,948330,17318969.7300,3,1.489400,1,0.000000,0
2025-02-05,sz.301515,18.1700,18.4500,18.1700,18.3800,18.1000,1110187,20392291.2100,3,1.743600,1,1.547000,0
2025-02-06,sz.301515,18.3800,18.5600,18.2600,18.5600,18.3800,1188943,21945836.8500,3,1.867200,1,0.979300,0
2025-02-07,sz.301515,18.5800,18.8500,18.4300,18.5400,18.5600,1683524,31473617.2800,3,2.644000,1,-0.107800,0
2025-02-10,sz.301515,18.6600,19.0300,18.6100,18.9500,18.5400,1423274,26780532.6200,3,2.235300,1,2.211400,0
2025-02-11,sz.301515,19.0300,19.0300,18.6200,18.8200,18.9500,946100,17752524.0000,3,1.485900,1,-0.686000,0
2025-02-12,sz.301515,18.9400,18.9400,18.5400,18.6700,18.8200,1052473,19649997.9900,3,1.652900,1,-0.797000,0
2025-02-13,sz.301515,18.7200,18.8000,18.4400,18.4700,18.6700,1082025,20092363.2500,3,1.699300,1,-1.071200,0
2025-02-14,sz.301515,18.5900,19.1500,18.4900,18.8200,18.4700,2020321,38167164.7800,3,3.172900,1,1.895000,0
2025-02-17,sz.301515,18.9000,19.5800,18.9000,19.4800,18.8200,2783781,53703549.5000,3,4.371900,1,3.506900,0
2025-02-18,sz.301515,19.4400,19.9300,19.0300,19.3300,19.4800,3672280,71417952.7200,3,5.767300,1,-0.770000,0
2025-02-19,sz.301515,19.1800,19.5000,19.0300,19.3500,19.3300,2285435,44122674.9200,3,3.589300,1,0.103500,0
2025-02-20,sz.301515,19.4000,19.7400,19.2500,19.3500,19.3500,2241700,43614582.5000,3,3.520600,1,0.000000,0
2025-02-21,sz.301515,19.3500,19.6100,19.0700,19.3500,19.3500,2057174,39735098.1000,3,3.230800,1,0.000000,0
2025-02-24,sz.301515,19.3100,19.6300,19.1100,19.5000,19.3500,2026800,39269208.4000,3,3.183100,1,0.775200,0
2025-02-25,sz.301515,19.3600,19.4700,19.2300,19.3100,19.5000,1118100,21630649.0000,3,1.756000,1,-0.974400,0
2025-02-26,sz.301515,19.3200,19.4600,19.2900,19.4000,19.3100,995800,19267138.0000,3,1.563900,1,0.466100,0
2025-02-27,sz.301515,19.3300,19.6100,19.1000,19.6100,19.4000,2098743,40712289.9800,3,3.296100,1,1.082500,0
2025-02-28,sz.301515,19.5000,19.6100,18.9300,19.0100,19.6100,1507048,29021252.2000,3,2.366800,1,-3.059700,0
2025-03-03,sz.301515,19.0500,19.3500,18.8100,18.9800,19.0100,1724200,32982404.4000,3,2.707900,1,-0.157800,0
2025-03-04,sz.301515,18.9000,19.1800,18.9000,19.1700,18.9800,976400,18635007.0000,3,1.533400,1,1.001100,0
2025-03-05,sz.301515,19.1500,19.3500,18.8300,19.0700,19.1700,1083600,20558667.0000,3,1.701800,1,-0.521600,0
2025-03-06,sz.301515,19.0600,19.3700,19.0500,19.3600,19.0700,1471457,28351157.2500,3,2.310900,1,1.520700,0
2025-03-07,sz.301515,19.3300,19.3500,18.9600,19.1000,19.3600,1143566,21884575.0800,3,1.796000,1,-1.343000,0
2025-03-10,sz.301515,19.2400,19.6400,19.2200,19.3800,19.1000,1409129,27344609.4400,3,2.213000,1,1.466000,0
2025-03-11,sz.301515,19.2600,19.2900,19.0000,19.2500,19.3800,1035040,19815375.2000,3,1.625500,1,-0.670800,0
2025-03-12,sz.301515,19.2600,19.4300,19.1200,19.2200,19.2500,933000,17949860.4200,3,1.465300,1,-0.155800,0
2025-03-13,sz.301515,19.2100,19.2800,18.8300,19.0600,19.2200,1118605,21267411.2000,3,1.756800,1,-0.832500,0
2025-03-14,sz.301515,19.0400,19.5900,18.9800,19.5800,19.0600,2137757,41442250.0700,3,3.357400,1,2.728200,0
2025-03-17,sz.301515,19.5800,19.7000,19.4000,19.6000,19.5800,1240154,24271856.4000,3,1.947700,1,0.102100,0
2025-03-18,sz.301515,19.8200,19.8200,19.4700,19.6700,19.6000,1086560,21304097.8000,3,1.706400,1,0.357100,0
2025-03-19,sz.301515,19.6900,19.8200,19.4900,19.5400,19.6700,943675,18545906.7500,3,1.482000,1,-0.660900,0
2025-03-20,sz.301515,19.5300,19.6900,19.3400,19.5900,19.5400,970100,18961741.0000,3,1.523500,1,0.255900,0
2025-03-21,sz.301515,19.6700,19.7800,19.3100,19.4300,19.5900,1204368,23466573.3100,3,1.891500,1,-0.816700,0
2025-03-24,sz.301515,19.4000,19.4900,18.3600,18.7000,19.4300,2330290,43748913.6000,3,3.659700,1,-3.757100,0
2025-03-25,sz.301515,18.6600,18.7000,18.2800,18.5900,18.7000,1007300,18650188.0000,3,1.582000,1,-0.588200,0
2025-03-26,sz.301515,18.5000,19.0700,18.3500,18.9500,18.5900,1233994,23324325.1000,3,1.938000,1,1.936500,0
2025-03-27,sz.301515,18.9300,19.1800,18.5400,19.0800,18.9500,1058300,20014119.0000,3,1.662100,1,0.686000,0
2025-03-28,sz.301515,19.0300,19.3200,18.8500,18.8800,19.0800,1103700,21032426.0000,3,1.733400,1,-1.048200,0
2025-03-31,sz.301515,18.8600,18.8600,18.4100,18.6200,18.8800,893400,16601824.0000,3,1.403100,1,-1.377100,0
2025-04-01,sz.301515,19.0200,19.8000,18.9800,19.3500,18.6200,2952700,57557120.0000,3,4.637200,1,3.920500,0
2025-04-02,sz.301515,19.2900,19.7300,19.1200,19.6100,19.3500,2134475,41596269.6500,3,3.352200,1,1.343700,0
2025-04-03,sz.301515,19.4800,19.8500,19.3800,19.6000,19.6100,1542700,30288133.0000,3,2.422800,1,-0.051000,0
2025-04-07,sz.301515,18.8000,19.1600,16.1200,16.8800,19.6000,2748732,48154052.4200,3,4.316900,1,-13.877600,0
2025-04-08,sz.301515,16.9700,17.7800,16.8300,17.1300,16.8800,1721132,29577981.1200,3,2.703000,1,1.481000,0
2025-04-09,sz.301515,16.8000,17.7000,15.8500,17.5200,17.1300,1747136,29435892.0000,3,2.743900,1,2.276700,0
2025-04-10,sz.301515,17.7500,18.0900,17.5500,17.9300,17.5200,1281600,22977281.0000,3,2.012800,1,2.340200,0
2025-04-11,sz.301515,17.8000,18.1600,17.6500,17.9000,17.9300,1110100,19965178.0000,3,1.743400,1,-0.167300,0
2025-04-14,sz.301515,17.9800,18.2600,17.9800,18.1200,17.9000,722630,13121750.6000,3,1.134900,1,1.229100,0
2025-04-15,sz.301515,18.1300,18.3800,18.0600,18.2800,18.1200,684428,12477742.4800,3,1.074900,1,0.883000,0
2025-04-16,sz.301515,18.3000,18.3000,17.6300,17.9300,18.2800,958728,17213044.1600,3,1.505700,1,-1.914700,0
2025-04-17,sz.301515,17.8900,18.3900,17.8100,18.1700,17.9300,1110600,20251856.0000,3,1.744200,1,1.338500,0
2025-04-18,sz.301515,18.1700,18.3600,17.9000,18.0600,18.1700,963184,17454804.1600,3,1.512700,1,-0.605400,0
2025-04-21,sz.301515,18.0000,18.2100,17.7300,18.0800,18.0600,931994,16785749.6000,3,1.463700,1,0.110700,0
2025-04-22,sz.301515,18.0000,18.1600,17.8900,17.9200,18.0800,792200,14251622.1600,3,1.244200,1,-0.885000,0
2025-04-23,sz.301515,17.9800,18.2000,17.9400,18.1700,17.9200,763400,13781526.0000,3,1.198900,1,1.395100,0
2025-04-24,sz.301515,18.1300,18.3000,17.8300,18.0000,18.1700,885500,16009342.0000,3,1.390700,1,-0.935600,0
2025-04-25,sz.301515,18.0300,18.2200,17.8000,17.8900,18.0000,815100,14635517.0000,3,1.280100,1,-0.611100,0
2025-04-28,sz.301515,17.8000,17.8700,17.4000,17.7800,17.8900,861124,15204195.5600,3,1.352400,1,-0.614900,0
2025-04-29,sz.301515,17.7800,18.2300,17.6100,18.1300,17.7800,1076800,19481854.0000,3,1.691100,1,1.968500,0
2025-04-30,sz.301515,18.3300,18.4000,18.1500,18.3300,18.1300,705000,12927007.0000,3,1.107200,1,1.103100,0
2025-05-06,sz.301515,18.4600,18.5900,18.3400,18.5900,18.3300,1111520,20536391.9700,3,1.745600,1,1.418400,0
2025-05-07,sz.301515,18.8200,18.9800,18.6700,18.7500,18.5900,1043520,19648334.4600,3,1.638900,1,0.860700,0
2025-05-08,sz.301515,18.7500,19.1300,18.7000,19.1000,18.7500,869728,16495929.1600,3,1.365900,1,1.866700,0
2025-05-09,sz.301515,19.1100,19.1900,18.8400,18.8600,19.1000,908500,17210277.0000,3,1.426800,1,-1.256500,0
2025-05-12,sz.301515,19.0000,19.1300,18.8000,19.0000,18.8600,656000,12425574.0000,3,1.030300,1,0.742300,0
2025-05-13,sz.301515,19.1000,19.5800,18.8100,19.3500,19.0000,2291800,44097646.0000,3,3.599300,1,1.842100,0
2025-05-14,sz.301515,19.6800,19.9200,18.9800,19.2300,19.3500,2490200,48240167.0000,3,3.910900,1,-0.620200,0
2025-05-15,sz.301515,19.2100,19.3800,18.9200,19.1300,19.2300,1527500,29183857.0000,3,2.398900,1,-0.520000,0
2025-05-16,sz.301515,19.0200,19.2800,18.9500,19.1400,19.1300,951700,18253902.0000,3,1.494600,1,0.052300,0
2025-05-19,sz.301515,19.1800,19.5700,19.0800,19.4200,19.1400,1374700,26576895.0000,3,2.159000,1,1.462900,0
2025-05-20,sz.301515,19.4200,19.6500,19.3900,19.6300,19.4200,1042600,20392246.0000,3,1.637400,1,1.081400,0
2025-05-21,sz.301515,19.6700,19.7600,19.1600,19.4000,19.6300,1171757,22846916.1000,3,1.840200,1,-1.171700,0
2025-05-22,sz.301515,19.4000,19.5900,19.0400,19.1100,19.4000,926700,17836885.0000,3,1.455400,1,-1.494800,0
2025-05-23,sz.301515,19.1600,19.5300,19.0600,19.1100,19.1100,1162600,22418745.0000,3,1.825900,1,0.000000,0
2025-05-26,sz.301515,19.1000,19.2700,18.9000,19.1500,19.1100,862000,16460055.0000,3,1.353800,1,0.209300,0
2025-05-27,sz.301515,19.1100,19.3900,18.9800,19.3500,19.1500,732500,14072949.0000,3,1.150400,1,1.044400,0
2025-05-28,sz.301515,19.3000,19.4200,19.0700,19.1900,19.3500,723000,13899787.0000,3,1.135500,1,-0.826900,0
2025-05-29,sz.301515,19.2200,19.7000,19.1100,19.6200,19.1900,1343815,26259680.0000,3,2.110500,1,2.240800,0
2025-05-30,sz.301515,19.5300,19.7400,19.2700,19.3600,19.6200,727300,14152738.0000,3,1.142200,1,-1.325200,0
2025-06-03,sz.301515,19.1800,19.6600,19.1500,19.6300,19.3600,983300,19227220.0000,3,1.544300,1,1.394600,0
2025-06-04,sz.301515,19.7500,19.8200,19.5300,19.6600,19.6300,948700,18657672.0000,3,1.489900,1,0.152800,0
2025-06-05,sz.301515,19.7900,19.7900,19.4700,19.6300,19.6600,896200,17586974.0000,3,1.407500,1,-0.152600,0
2025-06-06,sz.301515,19.6900,20.1500,19.3800,19.9600,19.6300,1958400,38897935.0000,3,3.075700,1,1.681100,0
2025-06-09,sz.301515,19.9800,20.4000,19.9000,20.1000,19.9600,1819424,36611799.4000,3,2.857400,1,0.701400,0
2025-06-10,sz.301515,20.2800,20.2800,19.7000,19.9100,20.1000,1682600,33640634.0000,3,2.642500,1,-0.945300,0
2025-06-11,sz.301515,20.0000,20.0600,19.8100,20.0200,19.9100,1035500,20682874.0000,3,1.626300,1,0.552500,0
2025-06-12,sz.301515,20.0800,20.2100,19.8800,20.0300,20.0200,903900,18109967.0000,3,1.419600,1,0.050000,0
2025-06-13,sz.301515,20.0600,20.1300,19.5000,19.6000,20.0300,1185750,23358132.0000,3,1.862200,1,-2.146800,0
2025-06-16,sz.301515,19.5000,19.9800,19.4500,19.8000,19.6000,1157900,22908762.0000,3,1.818500,1,1.020400,0
2025-06-17,sz.301515,19.8400,20.1900,19.6100,19.7400,19.8000,990841,19718140.9300,3,1.556100,1,-0.303000,0
2025-06-18,sz.301515,19.6400,19.8300,19.1600,19.4000,19.7400,979553,19011614.9300,3,1.538400,1,-1.722400,0
2025-06-19,sz.301515,19.3800,19.4600,18.7600,18.8400,19.4000,1326220,25243275.0000,3,2.082800,1,-2.886600,0
2025-06-20,sz.301515,18.8400,19.0800,18.5600,18.6000,18.8400,792900,14877022.0000,3,1.245300,1,-1.273900,0
2025-06-23,sz.301515,18.6000,19.1600,18.5100,19.1200,18.6000,986312,18622632.2000,3,1.549000,1,2.795700,0
2025-06-24,sz.301515,19.1400,19.7500,18.9300,19.7300,19.1200,1234740,24080295.2400,3,1.939200,1,3.190400,0
2025-06-25,sz.301515,19.8300,19.9000,19.4500,19.7100,19.7300,1179720,23205163.2000,3,1.852800,1,-0.101400,0
2025-06-26,sz.301515,19.8100,20.2300,19.6200,19.8800,19.7100,1312900,26169195.0000,3,2.061900,1,0.862500,0
2025-06-27,sz.301515,20.0000,20.1700,19.8200,20.0800,19.8800,1003800,20141452.0000,3,1.576500,1,1.006000,0
2025-06-30,sz.301515,20.1400,20.3400,20.0800,20.3300,20.0800,1089200,22055865.0000,3,1.710600,1,1.245000,0
2025-07-01,sz.301515,20.3300,20.5000,20.1300,20.4000,20.3300,1221400,24861346.0000,3,1.918200,1,0.344300,0
2025-07-02,sz.301515,20.5200,20.5800,20.1600,20.3700,20.4000,1210700,24664473.0000,3,1.901400,1,-0.147100,0
2025-07-03,sz.301515,20.3700,20.7900,20.3200,20.6000,20.3700,1602800,32955189.6000,3,2.517200,1,1.129100,0
2025-07-04,sz.301515,20.5900,20.8000,20.3000,20.4100,20.6000,1254900,25713789.0000,3,1.970800,1,-0.922300,0
2025-07-07,sz.301515,20.4900,21.8200,20.4000,20.9500,20.4100,5228500,110982883.0000,3,8.211400,1,2.645800,0
2025-07-08,sz.301515,21.2300,22.5000,21.0700,21.9000,20.9500,6476839,141065847.4200,3,10.171900,1,4.534600,0
2025-07-09,sz.301515,21.6800,22.6000,21.3900,21.8400,21.9000,6501993,142687341.8200,3,10.211400,1,-0.274000,0
2025-07-10,sz.301515,22.0000,22.0100,21.3000,21.3000,21.8400,3429200,73794398.0000,3,5.385600,1,-2.472500,0
2025-07-11,sz.301515,21.2900,22.3500,20.9200,21.6800,21.3000,4827455,104082561.6400,3,7.581500,1,1.784000,0
2025-07-14,sz.301515,21.7600,21.8100,21.2800,21.6600,21.6800,2590448,55604262.4600,3,4.068300,1,-0.092300,0
2025-07-15,sz.301515,21.7100,21.8000,21.0800,21.2800,21.6600,2328298,49556699.1000,3,3.656600,1,-1.754400,0
2025-07-16,sz.301515,21.2800,21.5000,21.0900,21.4100,21.2800,1955100,41720522.0000,3,3.070500,1,0.610900,0
2025-07-17,sz.301515,21.4800,21.5400,21.2300,21.3800,21.4100,1404900,29996832.0000,3,2.206400,1,-0.140100,0
2025-07-18,sz.301515,21.3100,21.4100,21.0600,21.3700,21.2600,1099700,23342741.0000,3,1.727100,1,0.517400,0
2025-07-21,sz.301515,21.6000,21.8400,21.3500,21.7500,21.3700,2044491,44186214.6900,3,3.210900,1,1.778200,0
2025-07-22,sz.301515,21.7900,22.0600,21.5200,21.6300,21.7500,2144021,46525756.5100,3,3.367200,1,-0.551700,0
2025-07-23,sz.301515,22.5000,23.1400,21.6600,21.9500,21.6300,7314600,163781931.0000,3,11.487600,1,1.479400,0
2025-07-24,sz.301515,21.9500,22.3600,21.7000,22.2600,21.9500,4506700,99044724.9500,3,7.077800,1,1.412300,0
2025-07-25,sz.301515,22.2500,22.9800,22.0100,22.5400,22.2600,5168591,116777109.9000,3,8.117300,1,1.257900,0
2025-07-28,sz.301515,22.5400,22.7700,22.2000,22.2600,22.5400,3093800,69238812.0000,3,4.858800,1,-1.242200,0
2025-07-29,sz.301515,22.3000,22.4400,21.9000,22.0200,22.2600,2499118,55104304.9400,3,3.924900,1,-1.078200,0
2025-07-30,sz.301515,22.1200,22.1900,21.7100,21.9800,22.0200,2157300,47437554.0000,3,3.388000,1,-0.181700,0
2025-07-31,sz.301515,21.9600,22.2500,21.7800,22.0000,21.9800,2020700,44489375.0000,3,3.173500,1,0.091000,0
2025-08-01,sz.301515,22.0000,22.9800,21.8500,22.7500,22.0000,3698500,83275246.7200,3,5.808500,1,3.409100,0
2025-08-04,sz.301515,22.7500,22.9200,22.2500,22.6400,22.7500,2648503,59768931.2900,3,4.159500,1,-0.483500,0
2025-08-05,sz.301515,22.6800,22.9600,22.4300,22.9600,22.6400,2650200,60273408.0000,3,4.162200,1,1.413400,0
2025-08-06,sz.301515,22.9900,23.0000,22.5800,22.6800,22.9600,2120760,48137670.2000,3,3.330700,1,-1.219500,0
2025-08-07,sz.301515,22.5900,23.7300,22.5900,23.2200,22.6800,3848006,88723546.1000,3,6.043300,1,2.381000,0
2025-08-08,sz.301515,23.6000,24.1300,23.0500,23.4200,23.2200,7221240,171314916.0100,3,11.341000,1,0.861300,0
2025-08-11,sz.301515,23.0600,23.9900,22.9100,23.9800,23.4200,5048665,118979540.2500,3,7.929000,1,2.391100,0
2025-08-12,sz.301515,24.0000,24.9600,23.6300,23.7100,23.9800,6072673,146926774.7300,3,9.537200,1,-1.125900,0
2025-08-13,sz.301515,23.7900,23.9500,23.1900,23.9000,23.7100,3930337,92753434.5300,3,6.172600,1,0.801300,0
2025-08-14,sz.301515,23.9000,24.5000,23.2300,23.5800,23.9000,5045100,119289333.8200,3,7.923400,1,-1.338900,0
2025-08-15,sz.301515,23.5600,24.4000,23.3000,23.5200,23.5800,3365911,79636407.5500,3,5.286200,1,-0.254500,0
2025-08-18,sz.301515,23.4900,23.6500,23.0800,23.3000,23.5200,4310554,100677150.3400,3,6.769700,1,-0.935400,0
2025-08-19,sz.301515,23.3000,24.8800,23.3000,23.8500,23.3000,5629129,135221472.2900,3,8.840600,1,2.360500,0
2025-08-20,sz.301515,23.8500,23.8800,23.3200,23.7200,23.8500,2642400,62258756.9400,3,4.149900,1,-0.545100,0
2025-08-21,sz.301515,23.6800,24.0200,23.5300,23.7700,23.7200,2396300,56935387.0000,3,3.763400,1,0.210800,0
2025-08-22,sz.301515,23.8000,23.9800,23.2900,23.6500,23.7700,2583348,60655125.2100,3,4.057200,1,-0.504800,0
2025-08-25,sz.301515,23.5700,23.6800,23.3300,23.4300,23.6500,2097481,49206933.1000,3,3.294100,1,-0.930200,0
2025-08-26,sz.301515,23.4300,23.6600,23.3000,23.3500,23.4300,1931694,45367407.6000,3,3.033700,1,-0.341400,0
2025-08-27,sz.301515,23.3900,23.5500,22.2200,22.2700,23.3500,3824296,87437759.5100,3,6.006100,1,-4.625300,0
2025-08-28,sz.301515,22.1200,22.6900,21.4100,22.1800,22.2700,2880088,63438534.7000,3,4.523200,1,-0.404100,0
2025-08-29,sz.301515,22.1000,22.2700,21.4100,21.8300,22.1800,2853666,62034150.6900,3,4.526600,1,-1.578000,0
2025-09-01,sz.301515,21.9900,22.1500,21.6900,21.8400,21.8300,1703406,37324582.1400,3,2.702000,1,0.045800,0
2025-09-02,sz.301515,21.7800,21.9500,20.8000,21.4100,21.8400,2039743,43448625.5800,3,3.235600,1,-1.968900,0
2025-09-03,sz.301515,21.4900,21.8000,21.0500,21.1900,21.4100,1367901,29209063.5000,3,2.169800,1,-1.027600,0
2025-09-04,sz.301515,21.2500,21.6500,21.0600,21.2900,21.1900,1571210,33605133.7000,3,2.492300,1,0.471900,0
2025-09-05,sz.301515,21.5000,21.6000,20.9600,21.5600,21.2900,1059057,22668736.3300,3,1.679900,1,1.268200,0
2025-09-08,sz.301515,21.5800,21.9500,21.5200,21.8900,21.5600,1777100,38571016.1200,3,2.818900,1,1.530600,0
2025-09-09,sz.301515,21.8000,21.9800,21.4900,21.7000,21.8900,1389961,30192078.9700,3,2.204800,1,-0.868000,0
2025-09-10,sz.301515,21.7100,21.9200,21.5000,21.7000,21.7000,855900,18520352.0000,3,1.357700,1,0.000000,0
2025-09-11,sz.301515,21.6100,21.7500,21.3100,21.7200,21.7000,1014649,21899672.9300,3,1.609500,1,0.092200,0
2025-09-12,sz.301515,21.7000,21.8900,21.5500,21.5800,21.7200,1213940,26378874.2000,3,1.925600,1,-0.644600,0
2025-09-15,sz.301515,21.6400,21.8800,21.4500,21.6500,21.5800,730202,15779675.7000,3,1.158300,1,0.324400,0
2025-09-16,sz.301515,21.6500,22.3900,21.5000,22.3400,21.6500,1891530,41724771.4900,3,3.000400,1,3.187100,0
2025-09-17,sz.301515,22.3300,22.4900,22.1200,22.2100,22.3400,1031000,22915225.9100,3,1.635400,1,-0.581900,0
2025-09-18,sz.301515,22.3000,22.3300,21.6000,21.7000,22.2100,1725400,37913382.0000,3,2.736900,1,-2.296300,0
2025-09-19,sz.301515,21.6800,21.8800,21.1700,21.3700,21.7000,1267700,27075752.0000,3,2.010900,1,-1.520700,0
2025-09-22,sz.301515,21.4400,21.5300,21.0500,21.1500,21.3700,810900,17218520.0000,3,1.286300,1,-1.029500,0
2025-09-23,sz.301515,21.1500,21.1500,19.8000,20.7300,21.1500,1763759,35951626.4200,3,2.797800,1,-1.985800,0
2025-09-24,sz.301515,20.7900,21.4900,20.6100,21.3500,20.7300,1270400,26957964.0000,3,2.015200,1,2.990800,0
2025-09-25,sz.301515,21.2600,21.5600,20.9500,21.2200,21.3500,1112686,23719453.6800,3,1.765000,1,-0.608900,0
2025-09-26,sz.301515,21.0800,21.6000,20.9600,21.2600,21.2200,860936,18363448.2000,3,1.365700,1,0.188500,0
2025-09-29,sz.301515,21.2900,21.6800,20.9100,21.5600,21.2600,1003547,21485441.1200,3,1.591900,1,1.411100,0
2025-09-30,sz.301515,22.2500,22.2500,21.3300,21.5500,21.5600,1099636,23778549.8800,3,1.744300,1,-0.046400,0
2025-10-09,sz.301515,21.9500,21.9900,21.3000,21.3700,21.5500,1310400,28153719.0000,3,2.078600,1,-0.835300,0
2025-10-10,sz.301515,21.4300,21.6700,21.2700,21.3500,21.3700,918900,19697091.0000,3,1.457600,1,-0.093600,0
2025-10-13,sz.301515,20.8800,21.5400,20.1900,21.4600,21.3500,1315918,27801453.9000,3,2.087400,1,0.515200,0
2025-10-14,sz.301515,21.5800,21.6200,21.0900,21.3500,21.4600,913882,19496966.9300,3,1.449700,1,-0.512600,0
2025-10-15,sz.301515,21.4000,21.6100,21.0000,21.3200,21.3500,857294,18322946.2400,3,1.359900,1,-0.140500,0
2025-10-16,sz.301515,21.2600,21.4300,21.0500,21.1800,21.3200,523200,11085668.0000,3,0.829900,1,-0.656700,0
2025-10-17,sz.301515,21.1800,21.3400,21.0100,21.0500,21.1800,805869,17054427.0700,3,1.278300,1,-0.613800,0
2025-10-20,sz.301515,21.2900,21.5500,21.1000,21.5300,21.0500,996474,21353792.7800,3,1.580700,1,2.280300,0
2025-10-21,sz.301515,21.5800,21.8700,21.3100,21.8700,21.5300,1069190,23125243.7300,3,1.696000,1,1.579200,0
2025-10-22,sz.301515,21.8000,22.1500,21.6100,21.9000,21.8700,963569,21132248.9000,3,1.528500,1,0.137200,0
2025-10-23,sz.301515,21.8800,21.9800,21.6600,21.9000,21.9000,1056424,23048415.1600,3,1.675800,1,0.000000,0
2025-10-24,sz.301515,21.9900,22.0900,21.7700,21.9200,21.9000,1063200,23359678.0000,3,1.686500,1,0.091300,0
2025-10-27,sz.301515,21.9300,22.1400,21.7100,22.0100,21.9200,1067536,23437228.5200,3,1.693400,1,0.410600,0
2025-10-28,sz.301515,22.0100,22.2800,21.8600,22.0600,22.0100,993100,21925617.0000,3,1.575300,1,0.227200,0
2025-10-29,sz.301515,22.1000,22.1700,21.6700,21.6800,22.0600,982273,21417927.0000,3,1.558100,1,-1.722600,0
2025-10-30,sz.301515,21.9500,22.1000,21.6100,21.8100,21.6800,1208518,26447490.2800,3,1.917000,1,0.599600,0
2025-10-31,sz.301515,21.7800,22.2000,21.7300,21.9900,21.8100,1957206,43109875.6200,3,3.104600,1,0.825300,0
2025-11-03,sz.301515,22.0200,22.4200,21.9000,22.4100,21.9900,1353802,30066434.4200,3,2.147500,1,1.910000,0
2025-11-04,sz.301515,22.5300,22.6000,22.1600,22.5800,22.4100,1288100,28941926.0000,3,2.043300,1,0.758600,0
2025-11-05,sz.301515,22.2900,22.7000,22.2900,22.5500,22.5800,1282100,28926549.0000,3,2.033700,1,-0.132900,0
2025-11-06,sz.301515,22.5100,22.7200,22.4100,22.5600,22.5500,911940,20569092.8000,3,1.446600,1,0.044300,0
2025-11-07,sz.301515,22.6300,22.6800,22.4700,22.5700,22.5600,786700,17785116.0000,3,1.247900,1,0.044300,0
2025-11-10,sz.301515,22.5500,22.7800,22.3800,22.7100,22.5700,1344760,30449185.2300,3,2.133100,1,0.620300,0
2025-11-11,sz.301515,22.7200,22.8800,22.5800,22.8300,22.7100,1039440,23704143.4000,3,1.648800,1,0.528400,0
2025-11-12,sz.301515,22.8500,23.2700,22.7600,23.1100,22.8300,1497100,34570899.0000,3,2.374800,1,1.226500,0
2025-11-13,sz.301515,23.0200,23.1100,22.7000,22.9800,23.1100,1774100,40641483.0000,3,2.814200,1,-0.562500,0
2025-11-14,sz.301515,22.9000,23.3700,22.8700,23.2200,22.9800,1313900,30549712.0000,3,2.084200,1,1.044400,0
2025-11-17,sz.301515,23.3600,23.4500,23.0200,23.2000,23.2200,1419900,33049832.2600,3,2.252300,1,-0.086100,0
2025-11-18,sz.301515,23.1900,23.5900,23.0000,23.5900,23.2000,1413400,32948300.6600,3,2.242000,1,1.681000,0
2025-11-19,sz.301515,23.5800,23.5900,22.4800,22.5700,23.5900,1726400,39383555.0000,3,2.738500,1,-4.323900,0
2025-11-20,sz.301515,22.8500,22.8800,22.1200,22.4200,22.5700,1439900,32292792.0000,3,2.284000,1,-0.664600,0
2025-11-21,sz.301515,22.3100,22.4800,20.7000,20.7900,22.4200,2465690,52446758.0200,3,3.911200,1,-7.270300,0
2025-11-24,sz.301515,20.9300,21.5500,20.7300,21.3900,20.7900,1968900,41849044.0000,3,3.123200,1,2.886000,0
2025-11-25,sz.301515,21.5900,22.0800,21.3900,21.7800,21.3900,1694100,37003969.0000,3,2.687300,1,1.823300,0
2025-11-26,sz.301515,21.7800,22.2800,21.3900,21.4600,21.7800,1088700,23762043.0000,3,1.727000,1,-1.469200,0
