date,code,open,high,low,close,volume,amount,adjustflag,turn,pctChg
2020-11-27,sz.300816,84.3700,103.7800,81.0000,97.0000,6411671,598315387.6000,3,32.058400,16.306954
2020-12-04,sz.300816,97.0600,125.8800,96.8000,100.5600,4265520,437121386.6500,3,21.327600,3.670103
2020-12-11,sz.300816,100.9000,103.5000,91.0900,91.5500,3132406,298062798.8100,3,15.662000,-8.959825
2020-12-18,sz.300816,92.5900,95.7000,87.1800,88.1000,2341799,214910641.7200,3,11.709000,-3.768433
2020-12-25,sz.300816,88.1500,96.0000,84.0000,85.1700,2431910,219789875.0000,3,12.159600,-3.325766
2020-12-31,sz.300816,85.1700,86.2600,77.7000,80.3200,1969400,160231013.0000,3,9.847000,-5.694493
2021-01-08,sz.300816,80.2800,82.7000,69.0200,74.1800,6395152,480365761.1600,3,31.975800,-7.644422
2021-01-15,sz.300816,73.6700,88.6800,71.8000,82.7900,3975255,319294868.2000,3,19.876300,11.606902
2021-01-22,sz.300816,85.4500,88.0000,78.7300,80.3800,2424900,200983182.0000,3,12.124500,-2.910980
2021-01-29,sz.300816,80.3700,81.5000,73.6100,74.3000,1767900,136751725.0000,3,8.839500,-7.564071
2021-02-05,sz.300816,74.8000,77.5000,70.7000,72.7800,1310300,97405360.0000,3,6.551500,-2.045760
2021-02-10,sz.300816,72.0000,76.5000,66.6600,75.8100,1231900,87764255.0100,3,6.159500,4.163232
2021-02-19,sz.300816,76.2700,79.9400,76.0100,79.3700,796000,62652105.0000,3,3.980000,4.695950
2021-02-26,sz.300816,79.2200,79.9600,68.0000,68.9000,3827654,280941243.8000,3,8.076600,-13.191382
2021-03-05,sz.300816,72.0500,84.9000,69.9000,82.6000,6283468,487325914.0000,3,13.258700,19.883890
2021-03-12,sz.300816,82.7000,89.9900,72.3600,86.8800,5214608,428143715.0000,3,11.003400,5.181598
2021-03-19,sz.300816,85.0100,91.0000,82.3000,89.1200,5172254,452718454.0000,3,10.913800,2.578269
2021-03-26,sz.300816,88.9900,88.9900,79.5000,82.0100,4155660,349782972.0000,3,8.768700,-7.978007
2021-04-02,sz.300816,81.1600,85.6800,78.2400,85.0000,2956376,244143387.0000,3,6.238200,3.645897
2021-04-09,sz.300816,85.0000,91.5000,82.0000,89.9900,2299900,196996058.0000,3,4.853000,5.870588
2021-04-16,sz.300816,90.0000,92.8800,85.5500,87.4400,3834813,341039840.0000,3,8.091800,-2.833648
2021-04-23,sz.300816,87.4500,87.4500,82.5000,83.2000,2749040,232850935.1500,3,5.800700,-4.849000
2021-04-30,sz.300816,82.6000,83.3700,72.6000,73.3500,3149804,240795384.2400,3,6.646300,-11.475800
2021-05-07,sz.300816,73.9400,76.3500,71.6000,71.7500,1200140,88160319.8000,3,2.532400,-2.181300
2021-05-14,sz.300816,71.7500,74.1300,69.5900,70.8400,1637800,117413271.0000,3,3.455900,-1.268300
2021-05-21,sz.300816,70.8000,75.8000,69.1000,74.3500,2929120,213056408.4000,3,6.180700,4.954800
2021-05-28,sz.300816,74.3500,78.3900,72.5000,77.4300,3077660,234303009.4000,3,6.494200,4.142600
2021-06-04,sz.300816,78.0000,79.4000,74.6200,77.7500,2483486,192399274.7400,3,5.240300,0.413300
2021-06-11,sz.300816,77.8100,80.3900,76.0000,77.5200,2244446,174416343.4300,3,4.736000,-0.295800
2021-06-18,sz.300816,77.9900,79.0000,72.1200,75.1000,1398804,104408976.1700,3,2.951600,-3.121800
2021-06-25,sz.300816,76.6000,86.6000,73.6800,81.7100,3443959,281408351.0700,3,7.267000,8.801600
2021-07-02,sz.300816,81.5300,86.0000,77.3500,78.9000,3300697,272241131.7100,3,6.964800,-3.439000
2021-07-09,sz.300816,79.7700,85.9700,78.3100,82.2500,2275160,187250383.2000,3,4.800800,4.245900
2021-07-16,sz.300816,81.5100,87.9800,75.9800,79.0000,4134310,341814296.4000,3,8.723700,-3.951400
2021-07-23,sz.300816,78.3000,91.5100,76.0600,81.9400,4405476,362729124.5400,3,9.295800,3.721500
2021-07-30,sz.300816,76.0000,87.3200,76.0000,78.2000,5067459,410274471.4100,3,10.692900,-4.564300
2021-08-06,sz.300816,78.4900,99.0000,77.2000,94.6000,6029729,533878309.5600,3,12.723200,20.971900
2021-08-13,sz.300816,94.6000,98.9800,90.5100,92.5300,3747000,351599009.0000,3,7.906600,-2.188200
2021-08-20,sz.300816,92.9800,93.3900,80.3000,83.1900,3373970,287514555.1700,3,7.119400,-10.094000
2021-08-27,sz.300816,82.8900,86.5000,69.0200,80.8800,4832314,378592313.7700,3,11.868200,-2.776800
2021-09-03,sz.300816,77.0200,77.7000,64.4400,65.0500,8207479,559149288.1900,3,22.197000,-19.572200
2021-09-10,sz.300816,65.0500,66.3000,57.7600,58.4600,6667875,407364491.5800,3,18.033200,-10.130700
2021-09-17,sz.300816,58.5300,59.2000,54.5000,55.8200,3429144,195343798.6600,3,9.274000,-4.515900
2021-09-24,sz.300816,53.7900,55.3300,53.5800,53.9400,1171981,63664899.6800,3,3.169600,-3.368000
2021-09-30,sz.300816,53.9500,54.4900,48.9700,49.6100,1850921,94442320.7900,3,5.005900,-8.027400
2021-10-08,sz.300816,49.6400,51.7700,49.6100,50.7000,380600,19331964.0000,3,1.029300,2.197100
2021-10-15,sz.300816,50.7400,52.9600,49.7100,51.3100,2084400,106375613.0000,3,5.637100,1.203200
2021-10-22,sz.300816,52.1000,52.2400,48.9900,49.9300,1887248,94138368.8400,3,5.104100,-2.689500
2021-10-29,sz.300816,50.2400,50.8000,44.0600,46.7500,5256448,250363572.2400,3,14.216000,-6.368900
2021-11-05,sz.300816,46.7500,50.2900,45.6200,48.5900,4687546,225068595.9000,3,12.677400,3.935800
2021-11-12,sz.300816,48.6400,53.0000,48.6400,50.4500,6382688,322665678.5600,3,17.261900,3.827900
2021-11-19,sz.300816,51.0500,58.0000,50.6200,53.6000,11297849,615259755.8700,3,30.554800,6.243800
2021-11-26,sz.300816,53.7700,61.9500,53.0800,60.9900,10650731,616075128.2900,3,28.804700,13.787300
2021-12-03,sz.300816,59.3000,63.6900,54.5000,57.0700,10786488,638511940.2100,3,29.171900,-6.427300
2021-12-10,sz.300816,57.3200,57.4600,50.7200,52.0600,8298542,437345974.2200,3,22.443300,-8.778700
2021-12-17,sz.300816,52.3000,52.9600,49.2000,51.9000,4642700,239877754.0000,3,12.556100,-0.307300
2021-12-24,sz.300816,51.3400,53.8500,51.0200,51.9000,4432358,233617910.1800,3,11.987200,0.000000
2021-12-31,sz.300816,51.5000,53.0800,50.6800,51.5100,2147700,111511395.0000,3,5.808400,-0.751400
2022-01-07,sz.300816,51.5700,51.8800,49.0600,49.5500,1751511,88410987.1700,3,4.737000,-3.805100
2022-01-14,sz.300816,50.0100,56.9000,47.9700,55.6000,5746186,308939484.2500,3,15.540500,12.209900
2022-01-21,sz.300816,55.5700,58.1100,54.1200,57.0000,5152200,289706476.1800,3,13.934000,2.518000
2022-01-28,sz.300816,56.5000,57.5600,54.0100,54.4900,2442742,137171184.4800,3,6.606400,-4.403500
2022-02-11,sz.300816,54.9900,59.6400,47.9500,48.8600,3991500,216993256.1600,3,10.795000,-10.332200
2022-02-18,sz.300816,48.8000,48.8000,46.1900,46.8300,2944783,137931721.4200,3,7.964100,-4.154700
2022-02-25,sz.300816,46.6100,47.3100,43.4500,44.7800,2779388,126034680.2500,3,7.516800,-4.377500
2022-03-04,sz.300816,44.6100,45.1200,40.3000,40.5500,2835483,121271859.0000,3,7.668500,-9.446200
2022-03-11,sz.300816,40.5500,40.8100,35.4000,38.1300,3125820,120059985.0000,3,8.453700,-5.967900
2022-03-18,sz.300816,38.6900,38.6900,32.0000,34.9600,4950300,172740062.0000,3,13.388100,-8.313700
2022-03-25,sz.300816,35.0800,35.4900,33.4000,33.4800,3853978,132631554.5100,3,10.423000,-4.233400
2022-04-01,sz.300816,33.3900,34.3400,31.6100,31.8200,3857680,126442512.2000,3,10.433100,-4.958200
2022-04-08,sz.300816,31.8300,33.1800,30.0800,30.1300,3829600,120701664.0000,3,10.357100,-5.311100
2022-04-15,sz.300816,30.1100,30.1100,28.0000,28.4800,3654120,106410978.4000,3,9.882500,-5.476300
2022-04-22,sz.300816,28.4600,30.0300,26.6500,27.2100,4172400,118512471.0000,3,11.284200,-4.459300
2022-04-29,sz.300816,26.4000,26.9300,22.8200,24.8900,5127378,126866549.3200,3,13.866900,-8.526300
2022-05-06,sz.300816,25.2800,25.9700,24.9100,25.9000,1427758,36572209.9000,3,3.861400,4.057900
2022-05-13,sz.300816,25.6600,28.0200,25.6600,27.3500,4235052,114290055.0000,3,11.453700,5.598500
2022-05-20,sz.300816,27.3200,29.7000,26.6900,28.6900,5663332,158854904.4000,3,15.316400,4.899500
2022-05-27,sz.300816,28.4300,32.9800,26.4100,27.1500,10391922,295103852.0800,3,28.104700,-5.367700
2022-06-02,sz.300816,27.2200,29.9300,26.5200,29.9000,5695200,161308004.0000,3,15.402400,10.128900
2022-06-10,sz.300816,29.7800,30.8800,27.5600,28.7000,6689400,195726427.0000,3,18.091300,-4.013400
2022-06-17,sz.300816,29.0400,30.0000,27.7200,30.0000,6805198,198392340.8000,3,18.404400,4.529600
2022-06-24,sz.300816,30.0000,32.7000,29.4400,31.9500,8014931,245823954.5900,3,21.676300,6.500000
2022-07-01,sz.300816,32.0100,32.1600,30.0100,30.3000,7097272,219939016.7600,3,19.194500,-5.164300
2022-07-08,sz.300816,30.3000,31.1200,28.9300,29.5000,5028872,149992682.7800,3,13.600500,-2.077500
2022-07-15,sz.300816,28.9200,29.5300,27.0100,27.8500,5795518,162510698.8800,3,15.673900,-5.593200
2022-07-22,sz.300816,27.8600,31.1600,27.8600,30.3500,8341296,250623887.5600,3,22.558900,8.976700
2022-07-29,sz.300816,30.0100,31.4800,28.6200,30.7900,7026939,214212856.2600,3,18.384800,1.449800
2022-08-05,sz.300816,31.1700,31.8500,29.1100,29.8300,7893232,239847204.7000,3,20.192100,-3.117900
2022-08-12,sz.300816,29.7400,32.7800,29.0000,30.8200,9885939,309185631.6000,3,25.289900,3.318800
2022-08-19,sz.300816,30.6900,32.5800,30.1200,30.1300,9074739,283006948.9600,3,23.214700,-2.238800
2022-08-26,sz.300816,30.1000,30.5800,27.1100,27.1700,6657574,191818014.5700,3,17.031200,-9.824100
2022-09-02,sz.300816,27.1200,27.3900,25.1700,25.8600,4909743,128482817.6800,3,12.560000,-4.821500
2022-09-09,sz.300816,25.7700,26.0500,24.4800,24.9200,4291836,108517083.4400,3,10.979300,-3.635000
2022-09-16,sz.300816,24.9600,25.3500,23.3400,23.4000,4165442,102094775.8300,3,10.655900,-6.099500
2022-09-23,sz.300816,23.4000,24.4800,23.0000,23.0300,4642334,110209862.5000,3,11.875800,-1.581200
2022-09-30,sz.300816,23.0000,23.2500,21.8100,21.8100,4108200,92672937.0000,3,10.509500,-5.297400
2022-10-14,sz.300816,22.0300,23.3100,20.7800,22.9900,4573585,101424263.2500,3,11.700000,5.410400
2022-10-21,sz.300816,23.0000,23.6100,22.5200,22.8500,3909302,90291815.0500,3,10.000600,-0.609000
2022-10-28,sz.300816,22.9300,23.5500,20.5700,20.7200,5719800,128204666.0000,3,14.632100,-9.321700
2022-11-04,sz.300816,20.9600,23.3500,20.8200,23.2000,6412420,142965398.4000,3,16.404100,11.969100
2022-11-11,sz.300816,23.2100,23.6900,22.7300,22.9500,5997983,139000115.5100,3,15.343900,-1.077600
2022-11-18,sz.300816,22.9500,35.7900,22.7800,33.2500,40618947,1189482183.2900,3,103.910200,44.880200
2022-11-25,sz.300816,33.0800,33.1800,28.6500,28.6800,29824531,914265862.0600,3,76.296100,-13.744400
2022-12-02,sz.300816,28.0100,31.3600,27.7700,28.7000,20196302,596770550.8400,3,51.665700,0.069700
2022-12-09,sz.300816,28.7200,30.5900,26.8000,30.3800,16855215,478909504.2100,3,43.118400,5.853700
2022-12-16,sz.300816,29.7800,30.4600,27.1400,28.6000,11068957,317421337.7100,3,28.316200,-5.859100
2022-12-23,sz.300816,28.4400,28.8700,25.0000,25.4200,11302447,299508033.1400,3,28.913500,-11.118900
2022-12-30,sz.300816,25.4100,26.6500,24.2000,24.4000,6445973,161911974.2000,3,16.489800,-4.012600
2023-01-06,sz.300816,24.4000,26.2900,24.3300,25.9800,6481742,165570720.4200,3,16.581400,6.475400
2023-01-13,sz.300816,26.2000,26.7800,25.7000,26.1900,6084846,159458090.3300,3,15.566200,0.808300
2023-01-20,sz.300816,26.3200,26.9900,25.8500,26.4600,4395317,116439772.4200,3,11.243900,1.030900
2023-02-03,sz.300816,26.7800,30.0000,26.7800,29.0600,10070904,284936472.0600,3,25.763100,9.826200
2023-02-10,sz.300816,28.8700,31.8800,28.6300,30.0200,13795553,417407252.5500,3,32.670600,3.303500
2023-02-17,sz.300816,30.1300,37.2900,29.8600,36.2200,19164382,642867303.0000,3,26.729400,20.652900
2023-02-24,sz.300816,35.7500,37.0400,32.8800,33.0000,18157541,639349704.6100,3,25.325100,-8.890100
2023-03-03,sz.300816,33.0100,33.9100,31.3800,32.5600,11945794,387597582.1800,3,16.661400,-1.333300
2023-03-10,sz.300816,33.2100,35.7500,30.7100,34.0900,12768173,422337891.1000,3,17.808400,4.699000
2023-03-17,sz.300816,32.2700,34.8000,30.6000,30.8600,11067265,359313602.7300,3,15.436000,-9.474900
2023-03-24,sz.300816,30.1800,32.0900,29.1000,29.6600,8236880,250421392.5100,3,11.488300,-3.888500
2023-03-31,sz.300816,29.6600,35.4900,29.5000,32.9900,15319249,512143594.7200,3,21.366500,11.227200
2023-04-07,sz.300816,32.5400,32.9600,29.6300,31.2200,9949884,311306869.9200,3,13.877500,-5.365300
2023-04-14,sz.300816,31.2600,31.9700,27.3700,27.9600,9220818,268245804.5400,3,12.860800,-10.442000
2023-04-21,sz.300816,27.9200,28.5800,24.5900,24.6700,7766179,206039852.2200,3,10.831800,-11.766800
2023-04-28,sz.300816,24.6000,25.6000,23.0500,25.3000,10275079,252850547.4400,3,17.089200,2.553700
2023-05-05,sz.300816,24.9900,26.1600,24.8200,25.1900,2944979,75546746.2100,3,6.201600,-0.434800
2023-05-12,sz.300816,24.9700,31.5000,24.2400,28.0800,26932952,764029240.9500,3,56.715700,11.472800
2023-05-19,sz.300816,28.3000,31.7300,28.2100,29.1700,28116988,840609906.3800,3,59.209100,3.881800
2023-05-26,sz.300816,29.0700,29.9400,27.3300,27.8500,12993774,371550449.9800,3,27.362500,-4.525200
2023-06-02,sz.300816,28.2800,28.3000,26.8900,28.0600,8505400,234429797.7900,3,17.910800,0.754000
2023-06-09,sz.300816,28.2000,29.2100,27.1200,27.6500,11559224,324237990.9600,3,24.341600,-1.461200
2023-06-16,sz.300816,27.2000,28.8400,26.5100,26.9100,9430377,261038844.2100,3,19.858500,-2.676300
2023-06-21,sz.300816,26.9500,30.6200,26.8400,29.5400,12986220,373247835.2100,3,27.346500,9.773300
2023-06-30,sz.300816,29.1800,30.6100,28.7000,29.5300,22024954,654255906.5500,3,46.380400,-0.033900
2023-07-07,sz.300816,29.5500,31.3600,29.1500,29.5200,18625013,562885899.1100,3,39.220800,-0.033900
2023-07-14,sz.300816,29.5200,30.8500,28.8500,29.1700,10962841,325729578.7200,3,23.085700,-1.185600
2023-07-21,sz.300816,29.3700,29.6500,25.0000,25.4000,9687113,266817618.3700,3,20.399200,-12.924200
2023-07-28,sz.300816,25.0700,27.0400,24.8800,26.7700,7198311,186710826.1700,3,15.158300,5.393700
2023-08-04,sz.300816,26.6800,27.1400,25.9200,26.1300,5855826,154903183.1600,3,12.331200,-2.390700
2023-08-11,sz.300816,26.0300,26.4600,25.4000,25.4300,3834200,99070233.0000,3,8.074200,-2.678900
2023-08-18,sz.300816,25.5900,26.0800,24.3800,25.5000,4410100,111502702.0000,3,9.287300,0.275300
2023-08-25,sz.300816,25.6800,26.2000,24.7000,25.1000,5382840,137527350.8000,3,11.335600,-1.568600
2023-09-01,sz.300816,26.5100,27.0800,24.8400,26.7400,6800300,178708831.0000,3,14.320600,6.533900
2023-09-08,sz.300816,26.7400,27.1300,26.3400,26.4900,3467600,92670033.0000,3,7.302300,-0.934900
2023-09-15,sz.300816,26.4900,27.2100,25.5200,25.7700,3412700,90186781.0000,3,7.186700,-2.718000
2023-09-22,sz.300816,25.9600,27.3800,25.0200,26.1200,5052500,132577479.0000,3,10.640000,1.358200
2023-09-28,sz.300816,26.1200,27.2200,24.4000,25.7700,7384300,190636096.0000,3,15.550500,-1.340000
2023-10-13,sz.300816,25.5100,26.6000,25.1600,25.7000,6366900,164443335.0000,3,13.407900,-0.271600
2023-10-20,sz.300816,25.5700,25.7700,24.1500,24.4100,5054642,126087056.6800,3,10.644500,-5.019500
2023-10-27,sz.300816,24.6800,26.1000,23.5100,25.6900,5368000,133919029.0000,3,11.304400,5.243800
2023-11-03,sz.300816,25.6900,26.0900,24.5000,25.6600,6009900,151992011.0000,3,12.656200,-0.116800
2023-11-10,sz.300816,25.8800,26.3400,25.5200,25.7700,4498000,116949173.0000,3,9.472300,0.428700
2023-11-17,sz.300816,25.9300,26.8000,25.9300,26.6700,4533000,119598233.0000,3,9.545900,3.492400
2023-11-24,sz.300816,26.7500,27.3000,26.0700,26.1700,5154100,137299667.0000,3,10.853800,-1.874800
2023-12-01,sz.300816,26.1800,27.2000,25.5100,25.8300,6049434,159531020.8000,3,12.739400,-1.299200
2023-12-08,sz.300816,26.1700,26.4500,24.6100,24.6900,6554500,167471766.0000,3,13.802900,-4.413500
2023-12-15,sz.300816,24.4900,25.0700,24.1400,24.2100,5637000,138131241.0000,3,11.870900,-1.944100
2023-12-22,sz.300816,24.2500,24.9000,23.6900,23.9500,5652100,137301306.0000,3,11.902600,-1.073900
2023-12-29,sz.300816,23.9300,24.7500,23.0400,24.6700,6054220,143720849.5400,3,12.749400,3.006300
2024-01-05,sz.300816,24.6700,25.9700,24.6000,25.1000,6880101,174142778.9400,3,14.488600,1.743000
2024-01-12,sz.300816,25.1100,26.0500,24.5900,25.4200,5471542,138161380.5800,3,11.363000,1.274900
2024-01-19,sz.300816,25.4200,25.5500,23.5200,23.7200,5578429,137778314.9500,3,11.533800,-6.687600
2024-01-26,sz.300816,23.7200,23.7200,20.3500,22.1400,8246079,178283623.6600,3,17.049200,-6.661000
2024-02-02,sz.300816,22.1400,22.4700,16.7100,17.7600,8249408,162247127.5600,3,17.056100,-19.783200
2024-02-08,sz.300816,17.3900,17.3900,12.6300,14.7900,11337300,160385863.9100,3,23.440600,-16.723000
2024-02-23,sz.300816,15.0100,18.6800,15.0100,18.6600,9967265,168207866.1100,3,20.607900,26.166300
2024-03-01,sz.300816,18.8800,20.1400,16.6700,18.3400,11897203,220224013.0900,3,24.598200,-1.714900
2024-03-08,sz.300816,18.3000,18.4700,16.7000,17.9000,8059955,141422981.4300,3,16.664400,-2.399100
2024-03-15,sz.300816,18.1000,20.3000,17.8000,19.8200,10969852,209311553.8800,3,22.680800,10.726300
2024-03-22,sz.300816,19.8400,21.1400,19.5000,20.2500,9882296,201911997.6600,3,20.432300,2.169500
2024-03-29,sz.300816,20.2600,20.8200,19.5200,20.4500,7017232,141652251.7700,3,14.508600,0.987700
2024-04-03,sz.300816,20.5200,21.2300,20.5000,21.0000,4221454,88164607.7500,3,8.728100,2.689500
2024-04-12,sz.300816,20.8400,21.1100,19.7000,20.2300,5470826,111544558.0800,3,11.311200,-3.666700
2024-04-19,sz.300816,20.0900,20.3200,16.8100,18.2500,7075200,130703412.9800,3,14.628500,-9.787400
2024-04-26,sz.300816,18.7900,21.9000,16.7500,20.6500,11112493,225515059.4300,3,22.975700,13.150700
2024-04-30,sz.300816,20.7200,21.7000,20.6600,21.5000,3334600,70656776.0000,3,6.894500,4.116200
2024-05-10,sz.300816,21.6100,23.6100,21.5200,22.8300,7273995,165928630.8000,3,15.039500,6.186000
2024-05-17,sz.300816,22.7500,24.7900,22.1200,24.7100,4907025,116025675.6700,3,10.145600,8.234800
2024-05-24,sz.300816,24.7200,25.1500,23.3800,24.6800,4838393,118428181.0900,3,10.003600,-0.121400
2024-05-31,sz.300816,24.9400,25.1800,23.9000,24.6000,4312317,106315824.0500,3,8.916000,-0.324100
2024-06-07,sz.300816,24.6000,25.2900,22.8100,24.7500,6014798,146345438.4800,3,12.436000,0.609800
2024-06-14,sz.300816,24.7600,24.8500,22.8000,23.9100,2888300,68113360.9400,3,5.971700,-3.393900
2024-06-21,sz.300816,23.9200,24.7400,23.5100,24.2700,2258320,54609376.6000,3,4.669200,1.505600
2024-06-28,sz.300816,24.2800,24.7500,23.1300,23.3000,2523000,59772721.0000,3,5.216600,-3.996700
2024-07-05,sz.300816,23.2500,26.1300,22.9400,24.0500,4623487,111743211.8800,3,9.559300,3.218900
2024-07-12,sz.300816,24.0000,24.4800,23.1500,23.5500,2911844,69285244.1000,3,6.020400,-2.079000
2024-07-19,sz.300816,23.6300,23.6500,21.3800,21.8000,6417435,144359627.0400,3,13.268400,-7.431000
2024-07-26,sz.300816,21.6600,21.8300,17.7800,18.4900,11581012,222136638.4800,3,23.944500,-15.183500
2024-08-02,sz.300816,18.5400,19.5700,18.2100,18.6000,6350956,119381360.6800,3,13.130900,0.594900
2024-08-09,sz.300816,18.5400,18.8800,17.9000,18.2900,4015218,73599373.1000,3,8.301700,-1.666700
2024-08-16,sz.300816,18.2600,18.6500,18.0700,18.4400,3409858,62595208.2400,3,7.050100,0.820100
2024-08-23,sz.300816,18.4400,18.5400,17.0100,17.3600,3568200,63206286.0000,3,7.377600,-5.856800
2024-08-30,sz.300816,17.3600,20.1500,16.6500,19.3800,20755867,392130592.6400,3,42.914000,11.635900
2024-09-06,sz.300816,19.2000,19.5000,18.1200,18.1200,10610078,199999715.4000,3,21.937000,-6.501500
2024-09-13,sz.300816,18.0400,18.3800,17.3100,17.4500,5735504,102187571.9600,3,11.858400,-3.697600
2024-09-20,sz.300816,17.5800,18.0500,16.7000,17.7500,4742976,83140547.0000,3,9.806400,1.719200
2024-09-27,sz.300816,17.6700,20.2800,17.5800,19.9000,8231668,154308951.2200,3,17.019400,12.112700
2024-09-30,sz.300816,20.5000,23.1000,19.8100,22.7200,4503453,95610772.7000,3,9.311200,14.170900
2024-10-11,sz.300816,26.9000,26.9000,20.4000,20.7400,13194236,305493370.3700,3,27.279800,-8.714800
2024-10-18,sz.300816,20.7500,25.5600,20.7400,25.5600,14780175,337209851.4500,3,30.558900,23.240100
2024-10-25,sz.300816,26.4000,28.0000,23.6000,24.4400,20321935,506743485.8900,3,42.016900,-4.381800
2024-11-01,sz.300816,24.4600,25.1800,22.6500,22.6600,9561468,228738446.9400,3,19.769000,-7.283100
2024-11-08,sz.300816,22.7000,25.2100,22.7000,24.7300,10759340,258357221.2500,3,22.245500,9.135000
2024-11-15,sz.300816,24.7000,25.7000,24.2100,24.3800,11155150,278544376.9700,3,23.063900,-1.415300
2024-11-22,sz.300816,24.6000,24.6400,23.1100,23.1300,6682032,159674475.0200,3,13.815500,-5.127200
2024-11-29,sz.300816,23.4300,24.2300,22.6000,24.0000,5846370,138252652.8000,3,12.087700,3.761300
2024-12-06,sz.300816,24.1600,25.4900,24.1600,25.1400,8927756,223169626.1300,3,18.458600,4.750000
2024-12-13,sz.300816,25.1200,26.2900,25.0200,25.5000,9089141,231531868.5600,3,18.792300,1.432000
2024-12-20,sz.300816,25.6900,27.5000,24.1100,25.1700,14359599,370776174.7500,3,29.689300,-1.294100
2024-12-27,sz.300816,25.2000,25.6600,22.6100,24.0700,8203620,196107557.0800,3,16.961400,-4.370300
2025-01-03,sz.300816,24.7500,26.3500,22.8000,22.9000,13197935,330867648.4000,3,27.287600,-4.860800
2025-01-10,sz.300816,23.1900,23.1900,21.0600,21.1200,8110700,180183859.0000,3,16.769400,-7.520700
2025-01-17,sz.300816,20.7800,23.4800,20.1000,22.7900,7421690,164547981.8000,3,15.344900,7.907200
2025-01-24,sz.300816,22.8500,24.7400,22.6600,24.1700,8528549,203860371.3400,3,17.633300,6.055300
2025-01-27,sz.300816,24.1000,24.3800,23.6300,23.8000,2165500,51964423.0000,3,4.477300,-1.530800
2025-02-07,sz.300816,23.9100,25.0100,23.6000,24.6800,5793505,142508402.6000,3,11.978400,3.697500
2025-02-14,sz.300816,25.0000,37.9900,24.6600,37.9900,36527292,1098178820.7600,3,75.522300,53.930300
2025-02-21,sz.300816,44.9800,44.9800,33.6500,35.0000,67646109,2515440160.7000,3,139.862400,-7.870500
2025-02-28,sz.300816,34.6500,35.0900,31.3500,31.5100,24748618,826688710.3800,3,51.169300,-9.971400
2025-03-07,sz.300816,31.7000,35.8800,31.2000,35.5100,26987470,902211324.1700,3,55.798200,12.694400
2025-03-14,sz.300816,37.0000,38.0500,31.4000,32.4300,27248943,909403455.0200,3,56.338800,-8.673600
2025-03-21,sz.300816,32.6400,40.3000,31.8600,36.7900,30253032,1046701281.1900,3,62.549900,13.444300
2025-03-28,sz.300816,36.0000,40.0000,32.3000,32.4600,38982824,1405484354.2600,3,80.599400,-11.769500
2025-04-03,sz.300816,32.4400,32.7800,29.8400,30.5000,16724600,524267042.7100,3,34.579000,-6.038200
2025-04-11,sz.300816,26.5000,28.4000,21.9900,27.1800,22212360,570431548.8000,3,45.925400,-10.885200
2025-04-18,sz.300816,27.7600,28.1600,26.3100,26.9000,10752000,293162726.0000,3,22.230400,-1.030200
2025-04-25,sz.300816,26.9000,28.8500,26.3000,28.1700,11106500,310789900.0000,3,22.963400,4.721200
2025-04-30,sz.300816,28.0000,29.7700,27.1300,29.2200,10914880,312375476.6000,3,23.937900,3.727400
2025-05-09,sz.300816,29.3900,30.8300,29.2400,29.8200,12098700,364016599.2000,3,26.534200,2.053400
2025-05-16,sz.300816,30.0700,33.9800,29.8500,33.9300,32208219,1035039692.1900,3,70.637400,13.782700
2025-05-23,sz.300816,33.6600,34.4300,30.6000,30.9300,20188338,656439690.5000,3,44.276000,-8.841700
2025-05-30,sz.300816,30.9200,31.3400,29.6800,29.8300,10829400,331692409.0000,3,23.750500,-3.556400
2025-06-06,sz.300816,29.6300,33.9700,29.5100,32.5000,15010719,481726623.7700,3,32.920600,8.950700
2025-06-13,sz.300816,32.5800,35.3200,32.2500,33.1800,22326705,755743622.6500,3,48.965800,2.244000
2025-06-20,sz.300816,33.0800,36.6100,32.8000,35.6300,21053327,739814351.9800,3,46.173200,7.384000
2025-06-27,sz.300816,35.6100,35.6300,31.8800,34.5300,25449858,848523321.3000,3,55.815300,-3.087300
2025-07-04,sz.300816,34.5400,34.9800,31.6200,31.8400,13380400,443399914.0000,3,29.345100,-7.790300
2025-07-11,sz.300816,31.6600,32.5800,31.5200,32.0000,7424000,237905428.0000,3,16.282000,0.502500
2025-07-18,sz.300816,32.1800,34.3400,31.9700,33.3900,14610565,487769037.6500,3,32.043100,4.343800
2025-07-25,sz.300816,33.3900,33.8500,32.4100,32.5500,9382100,309478113.0000,3,20.576400,-2.515700
2025-08-01,sz.300816,32.8900,33.1000,31.3100,31.9000,7435050,238753372.5000,3,16.306200,-1.996900
2025-08-08,sz.300816,31.8000,34.5600,31.6000,34.3500,12020000,401563604.0000,3,26.361700,7.680300
2025-08-15,sz.300816,35.3500,45.3800,35.3500,42.6000,45959161,1876094902.9900,3,100.795200,24.017500
2025-08-22,sz.300816,42.9000,44.4400,38.9000,39.1800,23488520,970344873.2000,3,51.513800,-8.028200
2025-08-29,sz.300816,39.4500,41.7200,36.9000,37.9000,22665130,895718394.9000,3,47.276700,-3.267000
2025-09-05,sz.300816,37.8000,38.9800,35.8500,38.7000,15893000,595847819.0000,3,28.045600,2.110800
2025-09-12,sz.300816,38.8100,40.6900,37.7500,39.4000,16694500,652883021.0000,3,29.459900,1.808800
2025-09-19,sz.300816,39.4000,39.6800,37.0000,37.2800,10274600,396076936.0000,3,18.131100,-5.380700
2025-09-26,sz.300816,37.0000,39.6000,35.9000,37.0000,11279900,424810457.0000,3,19.904900,-0.751100
2025-09-30,sz.300816,36.7300,37.5200,36.4000,37.1800,2855219,105697174.9100,3,5.038500,0.486500
2025-10-10,sz.300816,37.2800,38.1900,36.7500,37.4600,4198919,157021110.9000,3,7.409600,0.753100
2025-10-17,sz.300816,36.1000,38.1000,35.2000,35.3700,8657300,318612777.0000,3,15.277100,-5.579300
2025-10-24,sz.300816,36.3300,39.3800,36.0900,39.1800,10404174,393874069.5800,3,18.359700,10.832800
2025-10-31,sz.300816,39.0100,43.0000,38.3400,39.3900,13477336,541310844.3200,3,23.782800,0.536000
2025-11-07,sz.300816,39.6400,44.5000,39.1000,42.2000,19916392,843269448.6300,3,35.145300,7.133800
2025-11-14,sz.300816,41.8100,48.7600,40.4100,44.3800,17781220,775997948.6000,3,31.377600,5.165900
2025-11-21,sz.300816,44.1000,49.0500,44.0000,45.8600,21441920,988721782.2000,3,37.837300,3.334800
